{"stats":{"minecraft:custom":{"minecraft:interact_with_crafting_table":46,"minecraft:open_barrel":5432,"minecraft:leave_game":299,"minecraft:time_since_death":19100357,"minecraft:play_time":53182410,"minecraft:deaths":8,"minecraft:jump":53175,"minecraft:sleep_in_bed":235,"minecraft:damage_dealt":52265,"minecraft:inspect_hopper":14,"minecraft:sneak_time":1263483,"minecraft:total_world_time":55218673,"minecraft:items_extracted":67,"minecraft:tune_noteblock":118,"minecraft:time_since_rest":7811550,"minecraft:fly_one_cm":80104784,"minecraft:open_chest":92,"minecraft:fall_one_cm":16023,"minecraft:sprint_one_cm":1283014,"minecraft:drop":713,"minecraft:walk_on_water_one_cm":4766,"minecraft:interact_with_beacon":1,"minecraft:crouch_one_cm":628796,"minecraft:mob_kills":318,"minecraft:items_inserted":1,"minecraft:climb_one_cm":11820,"minecraft:walk_one_cm":6337753,"minecraft:walk_under_water_one_cm":677,"minecraft:damage_taken":3335},"minecraft:dropped":{"ae2:item_p2p_tunnel":1,"minecraft:piston":1,"gtceu:saltpeter_dust":1,"gtceu:lv_output_hatch":1,"storagedrawers:creative_storage_upgrade":1,"gtceu:naquadah_dust":128,"ae2:quartz_fiber":1,"mekanism:creative_fluid_tank":5,"mekanism:pellet_polonium":594,"gtceu:nand_memory_chip":1,"gtceu:uv_energy_input_hatch_4a":1,"ae2:drive":1,"minecraft:dirt":76,"gtceu:nichrome_coil_block":1,"gtceu:heatproof_machine_casing":1,"gtceu:manganese_phosphide_single_wire":3,"gtceu:lv_hsse_wrench":1,"gtceu:ev_distillery":1,"gtceu:reaction_safe_mixing_casing":1,"mekanismtools:refined_obsidian_sword":1,"gtceu:indium_dust":2,"buildinggadgets2:gadget_building":1,"mekanismgenerators:gas_burning_generator":1,"gtceu:luv_parallel_hatch":1,"mekanism:ingot_uranium":75,"mekanism:creative_bin":2,"mekanism:creative_energy_cube":3,"mekanism:alloy_infused":1,"gtceu:mv_output_hatch":1,"gtceu:creative_energy":3,"gtceu:uranium_ingot":1,"minecraft:charcoal":8513,"gtceu:light_blue_dye_spray_can":1,"mekanismgenerators:reactor_glass":1,"mekanism:fluorite_gem":64,"buildinggadgets2:gadget_copy_paste":3,"gtceu:magnesium_diboride_quadruple_wire":1,"gtceu:zpm_output_hatch":1,"gtceu:lv_tungsten_steel_wrench":1,"mekanism:basic_chemical_tank":2,"gtceu:luv_energy_output_hatch_16a":1,"gtceu:purple_dye_spray_can":1,"gtceu:yellow_dye_spray_can":1,"gtceu:uv_energy_input_hatch":1,"minecraft:sponge":1,"storagedrawers:oak_full_drawers_2":1,"gtceu:gray_dye_spray_can":1,"gtceu:hv_input_hatch":1,"mekanism:dust_uranium":150,"ae2:fluix_glass_cable":2,"gtceu:purple_drink":115,"gtceu:manganese_phosphide_quadruple_wire":1,"mekanismgenerators:laser_focus_matrix":1,"gtceu:mask_filter":1,"gtceu:lv_canner":1,"gtceu:uraninite_dust":1,"mekanism:block_fluorite":6205,"ae2:item_storage_cell_4k":2,"gtceu:assembly_line_grating":1,"gtceu:ev_energy_output_hatch_4a":1,"gtceu:nonconducting_casing":1,"mekanism:solar_neutron_activator":1,"gtceu:blue_dye_spray_can":1,"mekanism:pellet_plutonium":108,"mekanism:basic_smelting_factory":1,"gtceu:portable_debug_scanner":1,"gtceu:ev_energy_input_hatch":1,"gtceu:lv_input_hatch":3,"minecraft:barrel":2,"gtceu:hv_energy_input_hatch":1,"gtceu:lv_sodium_battery":1,"gtceu:hot_titanium_ingot":305,"mekanism:upgrade_gas":65,"minecraft:oak_log":54,"mekanism:block_raw_uranium":6352,"mekanism:basic_injecting_factory":1,"gtceu:inert_machine_casing":1,"minecraft:leather":5,"minecraft:bedrock":2,"gtceu:ev_air_scrubber":1,"gtceu:manganese_phosphide_double_wire":1,"ae2:cable_interface":1,"mekanism:upgrade_speed":81,"gtceu:lv_super_tank":1,"mekanism:yellow_cake_uranium":67,"gtceu:lv_input_bus":1,"gtceu:hv_energy_output_hatch":1,"mekanism:sps_casing":1,"gtceu:electrum_small_item_pipe":3,"gtceu:magnesium_diboride_single_wire":1,"mekanismgenerators:fission_reactor_casing":1,"mekanism:ultimate_mechanical_pipe":1,"gtceu:vibration_safe_casing":1,"minecraft:basalt":1,"gtceu:mv_input_hatch":2,"minecraft:splash_potion":1,"minecraft:water_bucket":1,"mekanism:creative_chemical_tank":2,"minecraft:lead":5,"gtceu:tungsten_steel_normal_fluid_pipe":2,"minecraft:grass_block":3,"gtceu:item_filter":1,"storagedrawers:oak_full_drawers_1":3,"minecraft:torch":1,"minecraft:repeater":1,"gtceu:cupronickel_coil_block":1,"minecraft:bucket":16,"mekanism:network_reader":1,"gtceu:ev_fluid_heater":1,"mekanism:pellet_antimatter":54,"gtceu:me_input_bus":1,"expatternprovider:ex_interface_part":1,"mekanism:gauge_dropper":3,"mekanism:elite_induction_provider":1,"mekanism:dust_sulfur":5590,"gtceu:power_substation":1,"minecraft:oak_button":1,"gtceu:long_distance_fluid_pipeline":1,"mekanism:basic_pressurized_tube":2,"mekanism:hdpe_sheet":64,"mekanism:ultimate_energy_cube":2,"gtceu:carbon_dust":2,"mekanism:ultimate_universal_cable":2,"gtceu:white_dye_spray_can":1},"minecraft:crafted":{"mekanism:fluorite_gem":171,"mekanism:supercharged_coil":4,"mekanism:sps_port":12,"gtceu:universal_fluid_cell":2,"gtceu:facade_cover":12,"mekanism:block_fluorite":64,"mekanism:sps_casing":288},"minecraft:used":{"gtceu:cleanroom":4,"gtceu:iv_256a_laser_target_hatch":10,"gtceu:manganese_phosphide_double_wire":521,"gtceu:ulv_energy_input_hatch":45,"gtceu:white_dye_spray_can":921,"gtceu:mv_input_hatch":7,"gtceu:facade_cover":13,"gtceu:hssg_double_cable":142,"mekanism:pressure_disperser":30,"gtceu:magnesium_diboride_quadruple_wire":193,"gtceu:lv_battery_buffer_8x":2,"mekanism:upgrade_gas":161,"gtceu:data_bank":3,"minecraft:chest":7,"ae2:terminal":5,"minecraft:stone":1,"gtceu:iv_energy_input_hatch":17,"gtceu:laser_hazard_sign_block":1,"gtceu:zpm_energy_input_hatch_16a":1,"mekanism:ultimate_thermodynamic_conductor":1,"minecraft:soul_sand":1,"gtceu:plascrete":8,"mekanism:ultimate_pressurized_tube":156,"gtceu:lv_conveyor_module":9,"gtceu:lv_fluid_solidifier":2,"gtceu:luv_quantum_tank":16,"gtceu:hv_chemical_reactor":6,"gtceu:bio_hazard_sign_block":1,"minecraft:orange_wool":116,"gtceu:assembly_line_casing":37,"gtceu:data_transmitter_hatch":21,"gtceu:filter_casing":2,"gtceu:ev_transformer_16a":3,"gtceu:light_gray_dye_spray_can":1113,"mekanismgenerators:turbine_rotor":27,"mekanism:basic_energy_cube":14,"gtceu:large_centrifuge":10,"mekanism:advanced_fluid_tank":4,"mekanism:advanced_mechanical_pipe":108,"gtceu:computer_casing":166,"minecraft:packed_ice":1,"gtceu:iv_256a_laser_source_hatch":1,"gtceu:item_tag_filter":1,"gtceu:lv_battery_buffer_4x":13,"minecraft:grass_block":714,"gtceu:generic_hazard_sign_block":1,"gtceu:luv_output_hatch":7,"mekanism:basic_crushing_factory":14,"gtceu:infinite_water_cover":31,"gtceu:black_dye_spray_can":7,"gtceu:ulv_input_hatch":19,"gtceu:ev_transformer_4a":6,"gtceu:hv_diode":2,"gtceu:samarium_iron_arsenic_oxide_hex_wire":5,"gtceu:luv_transformer_16a":2,"gtceu:lv_item_passthrough_hatch":1,"gtceu:lime_dye_spray_can":3,"gtceu:manganese_phosphide_hex_wire":2,"gtceu:data_access_hatch":14,"gtceu:iv_electromagnetic_separator":1,"gtceu:network_switch":1,"mekanism:advanced_pressurized_tube":65,"gtceu:luv_parallel_hatch":4,"gtceu:light_blue_dye_spray_can":140,"ae2:fluix_smart_dense_cable":21,"mekanismgenerators:gas_burning_generator":14,"gtceu:steam_output_bus":1,"gtceu:mv_conveyor_module":5,"gtceu:lv_super_chest":27,"framedblocks:framed_fancy_rail_slope":3,"mekanism:advanced_universal_cable":2,"gtceu:creative_energy":344,"gtceu:solid_machine_casing":253,"gtceu:uv_energy_input_hatch_16a":1,"mekanism:network_reader":1042,"gtceu:portable_scanner":947,"gtceu:hpca_advanced_computation_component":43,"gtceu:data_receiver_hatch":8,"gtceu:mob_spawner_hazard_sign_block":1,"gtceu:distillation_tower":10,"ae2:cable_interface":3,"gtceu:reservoir_hatch":3,"gtceu:large_sifting_funnel":6,"gtceu:purple_dye_spray_can":54,"mekanism:induction_port":31,"gtceu:lv_fluid_heater":3,"minecraft:clay":1,"gtceu:high_power_casing":691,"gtceu:steel_machine_casing":4,"ae2:storage_bus":89,"gtceu:lv_tungsten_steel_wrench":9,"mekanismgenerators:fusion_reactor_frame":78,"gtceu:ev_input_hatch_4x":11,"ae2:fluix_sword":9,"gtceu:large_extractor":3,"gtceu:high_temperature_hazard_sign_block":1,"mekanism:chemical_dissolution_chamber":24,"gtceu:aluminium_tiny_fluid_pipe":11,"minecraft:sand":1,"gtceu:heatproof_machine_casing":361,"gtceu:iv_output_bus":1,"gtceu:lv_compressor":15,"rftoolsbuilder:builder":3,"gtceu:object_holder":4,"gtceu:ev_energy_output_hatch_4a":6,"mekanismgenerators:turbine_vent":6,"gtceu:lv_output_bus":187,"mekanismgenerators:reactor_glass":164,"gtceu:huge_duct_pipe":36,"gtceu:iv_transformer_1a":56,"buildinggadgets2:template_manager":1,"gtceu:uranium_triplatinum_hex_wire":1,"gtceu:zpm_fusion_reactor":4,"ae2:controller":7,"ae2:quartz_fiber":4,"gtceu:zpm_electric_pump":1,"mekanism:advanced_energy_cube":2,"gtceu:ev_energy_output_hatch":4,"gtceu:copper_octal_cable":33,"gtceu:luv_input_hatch":3,"gtceu:radioactive_hazard_sign_block":1,"gtceu:mv_transformer_2a":53,"gtceu:magenta_dye_spray_can":18,"gtceu:aluminium_drum":1,"gtceu:uhv_battery_buffer_4x":1,"gtceu:neutronium_quadruple_fluid_pipe":3,"gtceu:pink_dye_spray_can":300,"architects_palette:hazard_sign":2,"gtceu:hv_transformer_4a":36,"mekanism:thermal_evaporation_controller":12,"gtceu:luv_energy_input_hatch_4a":2,"gtceu:frost_hazard_sign_block":1,"ae2:energy_acceptor":3,"gtceu:iv_input_hatch":3,"gtceu:boss_hazard_sign_block":1,"mekanism:rotary_condensentrator":22,"gtceu:lv_invar_wrench":14,"framedblocks:framed_soul_torch":5,"gtceu:stainless_steel_gearbox":12,"gtceu:creative_computation_provider":5,"gtceu:indium_tin_barium_titanium_cuprate_quadruple_wire":18,"gtceu:causality_hazard_sign_block":1,"gtceu:ulv_input_bus":83,"gtceu:lv_electrolyzer":5,"gtceu:gray_dye_spray_can":1527,"framedblocks:framed_slab_corner":3,"mekanismgenerators:fusion_reactor_logic_adapter":6,"mekanism:ultimate_energy_cube":167,"mekanism:supercharged_coil":7,"gtceu:machine_controller_cover":1,"gtceu:cupronickel_coil_block":67,"gtceu:computation_transmitter_hatch":10,"gtceu:hpca_computation_component":2,"gtceu:red_alloy_double_cable":159,"architects_palette:unobtanium_block":196,"gtceu:iv_input_hatch_4x":1,"mekanism:creative_chemical_tank":110,"gtceu:superconducting_coil":45,"storagedrawers:oak_full_drawers_2":9,"gtceu:uv_conveyor_module":6,"gtceu:mv_electrolyzer":1,"gtceu:uv_energy_input_hatch":41,"gtceu:energy_detector_cover":1,"gtceu:mv_super_tank":9,"gtceu:zpm_substation_output_hatch_64a":12,"gtceu:uranium_triplatinum_single_wire":535,"gtceu:iv_energy_output_hatch":4,"ae2:export_bus":29,"gtceu:fire_hazard_sign_block":1,"gtceu:industrial_tnt":30,"gtceu:green_dye_spray_can":125,"gtceu:hv_battery_buffer_4x":4,"gtceu:luv_machine_casing":28,"gtceu:hssg_quadruple_cable":6,"gtceu:mv_energy_output_hatch":1,"gtceu:computation_receiver_hatch":2,"minecraft:torch":249,"gtceu:mob_infestation_hazard_sign_block":1,"gtceu:steam_input_bus":1,"gtceu:orange_dye_spray_can":625,"mekanismgenerators:control_rod_assembly":92,"gtceu:acid_hazard_sign_block":1,"gtceu:luv_input_bus":5,"minecraft:stone_stairs":4,"mekanismgenerators:fission_reactor_casing":53,"gtceu:me_output_hatch":4,"gtceu:platinum_single_cable":10,"gtceu:blue_dye_spray_can":682,"mekanism:ultimate_fluid_tank":27,"gtceu:platinum_quadruple_cable":2,"gtceu:advanced_energy_detector_cover":2,"gtceu:uv_diode":2,"mekanism:sps_port":24,"mekanism:elite_induction_cell":30,"mekanism:chemical_oxidizer":25,"gtceu:research_station":2,"gtceu:tungsten_steel_quadruple_fluid_pipe":161,"gtceu:fusion_casing_mk2":28,"minecraft:iron_block":13,"gtceu:hp_steam_furnace":1,"storagedrawers:controller":3,"mcwfences:end_brick_pillar_wall":8,"gtceu:luv_substation_input_hatch_64a":2,"gtceu:ev_centrifuge":6,"gtceu:terminal":23,"gtceu:uranium_triplatinum_double_wire":159,"minecraft:barrel":268,"integrateddynamics:cable":5,"minecraft:basalt":5,"gtceu:lv_output_hatch":319,"minecraft:glowstone":3,"gtceu:uranium_triplatinum_quadruple_wire":229,"gtceu:antimatter_hazard_sign_block":1,"mekanism:upgrade_energy":909,"gtceu:luv_energy_output_hatch_16a":3,"gtceu:lv_transformer_1a":40,"framedblocks:framed_one_way_window":1,"gtceu:computer_monitor_cover":1,"gtceu:aluminium_quadruple_fluid_pipe":5,"gtceu:lv_neutronium_wrench":1,"gtceu:uranium_rhodium_dinaquadide_hex_wire":6,"gtceu:uhv_energy_input_hatch":4,"gtceu:hv_electrolyzer":1,"mekanism:basic_bin":57,"gtceu:maintenance_hatch":2,"ae2:light_blue_glass_cable":21,"minecraft:water_bucket":41,"ae2:tiny_tnt":5,"mekanism:isotopic_centrifuge":13,"mekanism:formulaic_assemblicator":3,"gtceu:uhv_battery_buffer_16x":2,"gtceu:high_performance_computation_array":3,"gtceu:luv_8a_energy_converter":4,"minecraft:lime_wool":15,"gtceu:crushing_wheels":18,"gtceu:hv_8a_energy_converter":9,"gtceu:uv_input_hatch":6,"gtceu:explosion_hazard_sign_block":2,"gtceu:mv_air_scrubber":2,"gtceu:ruthenium_trinium_americium_neutronate_quadruple_wire":1,"minecraft:diamond_block":10,"gtceu:uv_chemical_reactor":1,"minecraft:comparator":5,"gtceu:electric_blast_furnace":20,"gtceu:cyan_dye_spray_can":301,"minecraft:tnt":321,"minecraft:crafting_table":5,"mekanism:basic_enriching_factory":24,"gtceu:luv_input_hatch_4x":1,"mekanism:creative_fluid_tank":87,"ae2:sky_stone_tank":3,"gtceu:mv_input_bus":13,"gtceu:iv_output_hatch":5,"mekanismtools:refined_obsidian_sword":455,"minecraft:white_bed":16,"mekanism:basic_purifying_factory":13,"gtceu:wood_frame":37,"gtceu:lv_diode":14,"mekanism:thermal_evaporation_valve":30,"mekanism:advanced_induction_provider":25,"gtceu:luv_electric_pump":2,"mekanism:creative_energy_cube":128,"gtceu:uv_energy_output_hatch":9,"minecraft:bat_spawn_egg":12,"mekanism:advanced_bin":49,"minecraft:oak_log":1,"mekanism:induction_casing":360,"mekanismgenerators:turbine_valve":19,"gtceu:luv_input_hatch_9x":2,"gtceu:watertight_casing":197,"gtceu:ev_transformer_2a":31,"gtceu:hv_output_bus":1,"mekanism:ultimate_chemical_tank":4,"minecraft:oak_button":32,"ae2:cable_pattern_provider":2,"gtceu:hv_transformer_2a":30,"gtceu:red_alloy_quadruple_cable":76,"gtceu:mv_transformer_4a":2,"ae2:fluix_glass_cable":170,"gtceu:max_energy_input_hatch":1,"gtceu:large_solidifier":2,"gtceu:large_maceration_tower":2,"gtceu:magnesium_diboride_double_wire":6,"gtceu:luv_fusion_reactor":3,"framedblocks:framed_double_slope":4,"gtceu:samarium_iron_arsenic_oxide_single_wire":209,"gtceu:lv_input_bus":206,"gtceu:luv_diode":13,"gtceu:laminated_glass":118,"gtceu:uhv_substation_output_hatch_64a":39,"storagedrawers:oak_full_drawers_4":1,"gtceu:platinum_double_cable":5,"gtceu:uhv_substation_input_hatch_64a":38,"gtceu:test_generator":2,"gtceu:mv_buffer":1,"mekanismgenerators:saturating_condenser":4,"mekanism:thermal_evaporation_block":226,"integrateddynamics:part_network_reader":3,"gtceu:hv_centrifuge":2,"gtceu:creative_chest":3,"gtceu:gregification_hazard_sign_block":1,"gtceu:magnesium_diboride_single_wire":236,"mekanism:resistive_heater":19,"gtceu:lv_macerator":1,"gtceu:turret_hazard_sign_block":1,"gtceu:advanced_computer_casing":72,"gtceu:ev_machine_casing":37,"gtceu:large_assembler":3,"gtceu:hv_output_hatch":12,"minecraft:bone_block":3,"minecraft:oak_sign":26,"mekanism:basic_fluid_tank":4,"gtceu:hv_sterling_silver_wrench":9,"gtceu:ev_electrolyzer":2,"gtceu:large_chemical_reactor":97,"gtceu:lv_canner":182,"gtceu:hv_item_passthrough_hatch":6,"create:analog_lever":3,"gtceu:electrum_small_item_pipe":4519,"gtceu:lv_bender":3,"gtceu:indium_tin_barium_titanium_cuprate_hex_wire":3,"mekanismgenerators:rotational_complex":2,"gtceu:hv_transformer_1a":27,"mekanism:elite_pressurized_tube":31,"gtceu:ev_super_tank":1,"gtceu:active_transformer":77,"gtceu:creative_data_access_hatch":8,"gtceu:lv_energy_output_hatch":15,"mekanism:configuration_card":173,"mekanism:elite_smelting_factory":2,"gtceu:hpca_heat_sink_component":33,"gtceu:enriched_naquadah_trinium_europium_duranide_quadruple_wire":3,"expatternprovider:ex_interface_part":1,"gtceu:clean_machine_casing":289,"gtceu:steel_pipe_casing":50,"minecraft:glass":269,"gtceu:normal_laser_pipe":16,"gtceu:vacuum_freezer":20,"gtceu:large_electrolyzer":34,"mekanism:alloy_reinforced":11,"ae2:red_glass_cable":21,"mekanism:basic_injecting_factory":27,"mekanismgenerators:electromagnetic_coil":19,"gtceu:plasma_large_turbine":2,"integrateddynamics:part_machine_reader":1,"gtceu:luv_output_bus":17,"gtceu:lv_fluid_passthrough_hatch":1,"gtceu:zpm_energy_input_hatch":50,"mekanism:boiler_valve":30,"minecraft:stone_bricks":21,"minecraft:bedrock":6,"ae2:item_p2p_tunnel":1,"gtceu:lv_muffler_hatch":1,"gtceu:fusion_casing":15,"minecraft:redstone_lamp":14,"minecraft:repeater":60,"gtceu:hssg_coil_block":36,"gtceu:assembly_line_unit":58,"gtceu:ptfe_pipe_casing":66,"minecraft:hay_block":1,"minecraft:scaffolding":31,"gtceu:uv_muffler_hatch":27,"gtceu:naquadah_coil_block":63,"minecraft:gold_block":2,"ae2:storage_monitor":5,"gtceu:rtm_alloy_coil_block":50,"gtceu:hastelloy_x_frame":53,"gtceu:hpca_bridge_component":4,"gtceu:uranium_rhodium_dinaquadide_octal_wire":18,"gtceu:hv_input_bus":2,"gtceu:hssg_single_cable":82,"gtceu:me_stocking_input_hatch":1,"mekanism:ultimate_mechanical_pipe":399,"gtceu:electrolytic_cell":295,"gtceu:luv_1a_energy_converter":2,"gtceu:iv_transformer_16a":4,"integratedtunnels:part_interface_item":3,"gtceu:indium_tin_barium_titanium_cuprate_octal_wire":7,"gtceu:hv_1a_energy_converter":1,"gtceu:platinum_octal_cable":115,"minecraft:dropper":1,"gtceu:naquadah_alloy_sword":13,"mekanism:chemical_washer":13,"gtceu:inert_machine_casing":1809,"gtceu:cleanroom_glass":5,"gtceu:item_filter":186,"minecraft:oak_planks":1,"mekanism:elite_logistical_transporter":4,"gtceu:cleaning_maintenance_hatch":1,"gtceu:zpm_energy_output_hatch":7,"gtceu:ev_energy_input_hatch_4a":3,"gtceu:fluid_voiding_cover":3,"minecraft:redstone_block":12,"mekanismgenerators:fusion_reactor_controller":4,"gtceu:uv_energy_output_hatch_16a":1,"ae2:fluix_smart_cable":2,"gtceu:luv_battery_buffer_4x":4,"ae2:creative_energy_cell":6,"gtceu:high_voltage_hazard_sign_block":1,"minecraft:white_wool":98,"gtceu:titanium_pipe_casing":68,"gtceu:ulv_transformer_1a":22,"gtceu:neutronium_sword":79,"gtceu:noise_hazard_sign_block":1,"mekanism:upgrade_muffling":785,"minecraft:light_blue_wool":47,"gtceu:manganese_phosphide_octal_wire":40,"minecraft:cave_spider_spawn_egg":9,"minecraft:sponge":6,"minecraft:note_block":14,"gtceu:spatial_storage_hazard_sign_block":1,"gtceu:enriched_naquadah_trinium_europium_duranide_single_wire":152,"ae2:pattern_provider":2,"minecraft:shears":57,"mekanism:ultimate_induction_provider":20,"gtceu:mercury_barium_calcium_cuprate_quadruple_wire":233,"gtceu:ev_output_bus":16,"gtceu:lv_energy_input_hatch":106,"minecraft:creeper_spawn_egg":7,"minecraft:sticky_piston":5,"gtceu:hpca_active_cooler_component":17,"gtceu:normal_optical_pipe":53,"minecraft:redstone_torch":60,"mekanism:superheating_element":11,"gtceu:void_hazard_sign_block":4,"ae2:drive":2,"minecraft:lever":86,"ae2:cable_anchor":1,"gtceu:mercury_barium_calcium_cuprate_single_wire":468,"gtceu:uv_rotor_holder":1,"gtceu:iv_parallel_hatch":7,"minecraft:daylight_detector":7,"gtceu:iv_diode":1,"gtceu:secure_maceration_casing":90,"mekanism:logistical_sorter":30,"gtceu:bronze_drum":3,"gtceu:mercury_barium_calcium_cuprate_double_wire":99,"mekanism:upgrade_speed":737,"gtceu:iv_input_bus":11,"gtceu:steam_input_hatch":1,"mekanism:basic_pressurized_tube":348,"minecraft:iron_door":5,"gtceu:iv_centrifuge":4,"gtceu:mv_transformer_1a":49,"storagedrawers:quantify_key":13,"mekanismgenerators:advanced_solar_generator":10,"gtceu:ev_input_hatch_9x":5,"expatternprovider:ex_pattern_provider_part":1,"gtceu:luv_energy_input_hatch_16a":3,"mekanism:ultimate_logistical_transporter":320,"gtceu:long_distance_fluid_pipeline_endpoint":3,"gtceu:uv_battery_buffer_16x":8,"gtceu:ultimet_huge_item_pipe":9,"gtceu:me_pattern_buffer":1,"gtceu:lv_machine_hull":1,"gtceu:hv_conveyor_module":14,"mekanism:advanced_induction_cell":57,"gtceu:zpm_output_bus":5,"rftoolsbuilder:shape_card_quarry_clear":10,"gtceu:ev_distillery":3,"gtceu:ev_air_scrubber":18,"gtceu:luv_electrolyzer":1,"mekanism:basic_smelting_factory":11,"mekanismgenerators:fission_fuel_assembly":215,"gtceu:hsse_sword":85,"gtceu:luv_muffler_hatch":9,"ae2:white_glass_cable":30,"storagedrawers:oak_full_drawers_1":16,"gtceu:portable_debug_scanner":2303,"gtceu:mv_energy_input_hatch":49,"gtceu:me_input_bus":2,"gtceu:mv_output_bus":2,"gtceu:ev_input_bus":1,"minecraft:flint_and_steel":86,"gtceu:americium_huge_item_pipe":2,"gtceu:me_stocking_input_bus":1,"mekanism:configurator":1269,"minecraft:redstone":308,"gtceu:me_input_hatch":13,"gtceu:indium_tin_barium_titanium_cuprate_single_wire":278,"gtceu:neutronium_pickaxe":5,"gtceu:luv_dual_input_hatch":1,"gtceu:ruthenium_trinium_americium_neutronate_hex_wire":278,"gtceu:zpm_energy_output_hatch_4a":3,"mekanismgenerators:laser_focus_matrix":5,"gtceu:me_pattern_buffer_proxy":4,"gtceu:iv_conveyor_module":1,"gtceu:uv_centrifuge":5,"gtceu:hv_input_hatch":34,"minecraft:dirt":1004,"gtceu:creative_tank":39,"framedblocks:framed_mini_cube":2,"ae2:green_glass_cable":9,"minecraft:hopper":3,"gtceu:ev_output_hatch":4,"gtceu:kanthal_coil_block":241,"gtceu:mv_fluid_heater":1,"gtceu:tungsten_steel_normal_fluid_pipe":2656,"mekanismgenerators:fission_reactor_port":59,"rftoolsbuilder:shape_card_void":6,"mekanism:alloy_infused":6,"gtceu:red_dye_spray_can":111,"ae2:interface":4,"gtceu:hv_mixer":8,"gtceu:magic_hazard_sign_block":1,"gtceu:uv_scanner":1,"gtceu:frostproof_machine_casing":284,"gtceu:hv_battery_buffer_16x":2,"gtceu:luv_battery_buffer_16x":5,"gtceu:large_mixer":9,"gtceu:reaction_safe_mixing_casing":437,"gtceu:uranium_rhodium_dinaquadide_single_wire":20,"gtceu:zpm_parallel_hatch":1,"gtceu:luv_transformer_4a":23,"mcwbridges:oak_log_bridge_middle":50,"gtceu:nonconducting_casing":1221,"architects_palette:twisted_door":2,"gtceu:manganese_phosphide_quadruple_wire":190,"gtceu:ev_transformer_1a":62,"gtceu:hv_energy_input_hatch":134,"gtceu:nichrome_coil_block":65,"gtceu:mv_machine_hull":1,"gtceu:configurable_maintenance_hatch":1,"gtceu:fusion_glass":10,"gtceu:enriched_naquadah_trinium_europium_duranide_octal_wire":3,"gtceu:tin_small_item_pipe":6,"gtceu:activity_detector_cover":7,"gtceu:lv_titanium_wrench":6,"mekanism:alloy_atomic":6,"mekanism:quantum_entangloporter":3,"mekanism:creative_bin":21,"expatternprovider:ingredient_buffer":1,"gtceu:assembly_line_grating":174,"gtceu:ev_energy_output_hatch_16a":3,"gtceu:powderbarrel":18,"gtceu:bronze_crate":4,"minecraft:emerald_block":2,"gtceu:ev_input_hatch":5,"gtceu:zpm_output_hatch":4,"gtceu:auto_maintenance_hatch":195,"gtceu:luv_energy_input_hatch":73,"gtceu:fluid_filter":22,"mekanism:electrolytic_separator":17,"gtceu:platinum_small_item_pipe":3,"gtceu:lv_extractor":1,"mekanism:pressurized_reaction_chamber":21,"gtceu:lv_transformer_4a":35,"gtceu:high_pressure_hazard_sign_block":1,"minecraft:pumpkin":2,"gtceu:vibration_safe_casing":812,"gtceu:ev_energy_input_hatch":118,"gtceu:ev_battery_buffer_4x":5,"gtceu:stainless_steel_huge_fluid_pipe":164,"mekanism:elite_induction_provider":19,"gtceu:iv_electrolyzer":3,"gtceu:lv_blue_steel_wrench":7,"mekanism:electric_pump":50,"gtceu:iv_transformer_2a":6,"mcwbridges:oak_rope_bridge_stair":5,"mekanism:ultimate_induction_cell":6,"mekanism:ultimate_universal_cable":661,"gtceu:lv_scanner":2,"gtceu:titanium_drum":8,"gtceu:manganese_phosphide_single_wire":1069,"gtceu:indium_tin_barium_titanium_cuprate_double_wire":177,"gtceu:lv_chemical_reactor":10,"minecraft:beacon":2,"mekanism:chemical_infuser":18,"gtceu:blue_alloy_double_cable":2,"minecraft:jungle_wood":1,"gtceu:ulv_transformer_2a":3,"gtceu:uranium_rhodium_dinaquadide_quadruple_wire":42,"gtceu:uv_energy_input_hatch_4a":23,"gtceu:solvent_spray_can":32,"gtceu:lv_transformer_2a":29,"gtceu:storage_cover":2,"gtceu:zpm_input_hatch":5,"gtceu:sterilizing_filter_casing":1,"gtceu:uv_transformer_16a":6,"gtceu:hv_fluid_passthrough_hatch":2,"mekanismgenerators:turbine_casing":12,"gtceu:zpm_transformer_1a":12,"mekanism:basic_induction_cell":43,"gtceu:long_distance_fluid_pipeline":36,"gtceu:lv_packer":9,"gtceu:mv_output_hatch":4,"mekanism:basic_chemical_tank":24,"gtceu:mv_distillery":2,"minecraft:piston":11,"gtceu:iv_mixer":1,"mekanism:sps_casing":476,"gtceu:lv_diamond_wrench":58,"mekanism:boiler_casing":11,"framedblocks:framed_double_threeway_corner_pillar":1,"mcwbridges:bridge_torch":5,"mekanism:structural_glass":898,"gtceu:advanced_data_access_hatch":14,"gtceu:ev_output_hatch_4x":29,"gtceu:blue_alloy_quadruple_cable":28,"gtceu:uv_battery_buffer_4x":18,"mekanism:chemical_crystallizer":20,"gtceu:stainless_steel_normal_fluid_pipe":7,"gtceu:lv_input_hatch":356,"minecraft:yellow_wool":74,"mcwbridges:oak_log_bridge_stair":29,"gtceu:tungsten_steel_crate":20,"gtceu:mv_battery_buffer_4x":1,"mekanismgenerators:fusion_reactor_port":13,"gtceu:uhv_machine_hull":1,"gtceu:yellow_dye_spray_can":664,"gtceu:lv_super_tank":97,"expatternprovider:threshold_export_bus":1,"mekanism:solar_neutron_activator":66,"gtceu:assembly_line":23,"gtceu:brown_dye_spray_can":16,"gtceu:luv_energy_output_hatch":1,"gtceu:hv_energy_output_hatch":12,"gtceu:cracker":2,"minecraft:bucket":2,"integratedterminals:part_terminal_storage":3,"gtceu:zpm_energy_output_hatch_16a":1,"gtceu:computer_heat_vent":122,"storagedrawers:drawer_key":12,"gtceu:trinium_coil_block":60,"minecraft:splash_potion":344,"gtceu:ruthenium_trinium_americium_neutronate_double_wire":2},"minecraft:picked_up":{"gtceu:large_chemical_reactor":6,"mekanism:ultimate_energy_cube":1,"gtceu:computation_transmitter_hatch":2,"mekanism:sps_casing":68,"gtceu:lv_energy_output_hatch":6,"gtceu:data_orb":64,"minecraft:lead":106,"mekanism:gauge_dropper":3,"gtceu:red_dye_spray_can":4,"gtceu:luv_emitter":57,"gtceu:ruthenium_trinium_americium_neutronate_hex_wire":1,"minecraft:string":6,"gtceu:hv_energy_input_hatch":4,"gtceu:hpca_heat_sink_component":1,"gtceu:uranium_hexafluoride_bucket":1,"gtceu:uranium_dust":1584,"gtceu:copper_octal_cable":1,"mekanism:upgrade_speed":12,"gtceu:indium_phosphide_dust":4,"gtceu:naquadah_coil_block":6,"mcwbridges:bridge_torch":2,"gtceu:uv_muffler_hatch":2,"mekanismgenerators:fusion_reactor_controller":1,"gtceu:zpm_parallel_hatch":1,"buildinggadgets2:gadget_building":3,"gtceu:uhv_substation_output_hatch_64a":1,"gtceu:iv_input_hatch":1,"gtceu:naquadria_ingot":4,"gtceu:power_substation":1,"gtceu:invar_wire_cutter":1,"gtceu:luv_transformer_4a":1,"gtceu:lv_super_chest":6,"gtceu:lv_neutronium_wrench":1,"gtceu:polybenzimidazole_mallet":2,"gtceu:huge_duct_pipe":7,"gtceu:zpm_energy_input_hatch":10,"gtceu:purple_drink":1024,"gtceu:ptfe_pipe_casing":1,"gtceu:electrum_small_item_pipe":17,"gtceu:assembly_line_grating":1,"gtceu:manganese_phosphide_double_wire":12,"gtceu:mv_input_bus":2,"gtceu:luv_parallel_hatch":2,"gtceu:item_filter":32,"gtceu:mercury_barium_calcium_cuprate_single_wire":4,"gtceu:lv_scanner":2,"minecraft:water_bucket":1,"gtceu:clean_machine_casing":6,"gtceu:neutronium_quadruple_fluid_pipe":1,"gtceu:magnesium_diboride_single_wire":2,"gtceu:blue_alloy_quadruple_cable":2,"mekanism:supercharged_coil":1,"mekanism:chemical_crystallizer":3,"gtceu:electrolytic_cell":27,"gtceu:blue_dye_spray_can":5,"ae2:fluix_glass_cable":7,"gtceu:fluid_filter":1,"gtceu:industrial_tnt":1,"gtceu:high_power_casing":360,"mekanism:chemical_oxidizer":5,"ae2:cable_interface":1,"gtceu:magnesium_dust":62,"mekanism:chemical_infuser":1,"gtceu:gray_dye_spray_can":13,"gtceu:pink_dye_spray_can":5,"gtceu:aluminium_wire_cutter":1,"gtceu:luv_energy_input_hatch_4a":1,"mekanism:ultimate_fluid_tank":4,"gtceu:hv_transformer_2a":2,"gtceu:mv_input_hatch":2,"gtceu:rutile_dust":622,"gtceu:uhv_substation_input_hatch_64a":5,"gtceu:luv_energy_output_hatch_16a":1,"gtceu:indium_tin_barium_titanium_cuprate_double_wire":1,"minecraft:barrel":11,"mekanism:induction_casing":4,"gtceu:normal_laser_pipe":2,"minecraft:lever":8,"mekanism:chemical_washer":1,"mekanism:advanced_mechanical_pipe":2,"gtceu:advanced_computer_casing":13,"ae2:item_storage_cell_4k":3,"gtceu:ulv_input_bus":1,"mekanismgenerators:laser_focus_matrix":1,"mekanism:alloy_infused":1,"gtceu:ulv_transformer_1a":1,"gtceu:steel_pipe_casing":4,"gtceu:computer_monitor_cover":1,"minecraft:flint_and_steel":5,"mekanism:pressurized_reaction_chamber":2,"gtceu:lv_canner":2,"mekanism:structural_glass":173,"gtceu:naquadah_alloy_sword":1,"minecraft:piston":3,"gtceu:magnesium_diboride_quadruple_wire":8,"gtceu:storage_cover":3,"gtceu:hydrogen_bucket":60,"minecraft:redstone":16,"ae2:controller":1,"mekanism:ultimate_logistical_transporter":3,"gtceu:inert_machine_casing":20,"gtceu:manganese_phosphide_single_wire":6,"gtceu:lapotron_crystal":129,"mekanism:upgrade_gas":64,"mekanism:elite_logistical_transporter":1,"minecraft:white_wool":61,"gtceu:manganese_phosphide_octal_wire":2,"gtceu:enriched_naquadah_ingot":87,"gtceu:superconducting_coil":9,"gtceu:lv_transformer_1a":3,"gtceu:lv_hsse_wrench":1,"gtceu:uv_energy_input_hatch":67,"mekanismgenerators:gas_burning_generator":5,"gtceu:activity_detector_cover":7,"gtceu:uv_energy_output_hatch":1,"gtceu:zpm_output_hatch":1,"gtceu:hv_8a_energy_converter":1,"gtceu:vacuum_freezer":1,"gtceu:assembly_line":6,"mekanism:isotopic_centrifuge":3,"gtceu:luv_electric_pump":1,"gtceu:saltpeter_dust":1,"gtceu:iv_energy_input_hatch":1,"gtceu:ev_energy_input_hatch":11,"gtceu:heatproof_machine_casing":8,"gtceu:iv_parallel_hatch":1,"minecraft:stone_bricks":1,"minecraft:creeper_spawn_egg":5,"gtceu:uranium_triplatinum_quadruple_wire":327,"gtceu:large_electrolyzer":2,"gtceu:hsse_sword":5,"gtceu:powderbarrel":1,"gtceu:zero_point_module":48,"mekanism:creative_fluid_tank":6,"gtceu:titanium_trifluoride_dust":1,"gtceu:cyan_dye_spray_can":5,"gtceu:mv_output_bus":1,"gtceu:carbon_dust":254,"mekanism:dust_fluorite":2149,"gtceu:naquadah_dust":236,"gtceu:stainless_steel_huge_fluid_pipe":5,"gtceu:iron_wire_cutter":1,"gtceu:fusion_glass":1,"gtceu:mv_transformer_2a":1,"gtceu:lv_energy_input_hatch":7,"ae2:export_bus":2,"gtceu:universal_fluid_cell":391,"mekanism:sps_port":6,"gtceu:mv_energy_input_hatch":2,"minecraft:slime_ball":28,"gtceu:mv_electrolyzer":1,"gtceu:lv_super_tank":5,"gtceu:ev_input_hatch_4x":2,"storagedrawers:oak_full_drawers_2":4,"mekanism:pellet_polonium":512,"minecraft:oak_button":3,"mekanismgenerators:reactor_glass":35,"gtceu:lv_output_hatch":9,"minecraft:hopper":2,"gtceu:hv_sodium_battery":1,"mekanism:advanced_pressurized_tube":1,"minecraft:redstone_block":2,"gtceu:zpm_energy_output_hatch":4,"mekanism:dust_sulfur":2902,"minecraft:potion":2,"storagedrawers:creative_storage_upgrade":1,"gtceu:carbon_monoxide_bucket":1,"gtceu:luv_input_hatch":1,"minecraft:oak_sign":5,"gtceu:light_gray_dye_spray_can":16,"gtceu:mercury_barium_calcium_cuprate_double_wire":3,"minecraft:comparator":1,"minecraft:bucket":638,"minecraft:redstone_torch":20,"gtceu:hpca_computation_component":1,"gtceu:lv_tungsten_steel_wrench":1,"mekanismgenerators:fission_reactor_casing":2,"mekanism:ultimate_mechanical_pipe":1,"mekanism:configurator":2,"gtceu:zpm_transformer_1a":1,"gtceu:titanium_tetrachloride_bucket":2,"mekanism:hdpe_sheet":64,"gtceu:fluid_cell":384,"gtceu:large_centrifuge":1,"mekanismgenerators:fission_reactor_port":2,"minecraft:torch":11,"gtceu:liquid_helium_bucket":1,"gtceu:titanium_ingot":4,"gtceu:ultimet_wire_cutter":1,"minecraft:porkchop":4,"gtceu:long_distance_fluid_pipeline":1,"gtceu:frostproof_machine_casing":7,"gtceu:lv_electrolyzer":1,"gtceu:hv_input_hatch":4,"gtceu:light_blue_dye_spray_can":4,"ae2:drive":1,"gtceu:ev_energy_output_hatch_4a":1,"mekanism:ultimate_universal_cable":2,"minecraft:rotten_flesh":14,"gtceu:infinite_water_cover":1,"gtceu:orange_dye_spray_can":6,"gtceu:mercury_barium_calcium_cuprate_quadruple_wire":2,"gtceu:hv_transformer_4a":1,"minecraft:repeater":2,"gtceu:lv_invar_wrench":6,"gtceu:black_dye_spray_can":1,"gtceu:oxygen_bucket":29,"gtceu:indium_tin_barium_titanium_cuprate_single_wire":4,"rftoolsbuilder:builder":1,"gtceu:nand_memory_chip":1,"minecraft:dirt":878,"gtceu:lv_titanium_wrench":1,"gtceu:active_transformer":12,"mekanismtools:refined_obsidian_sword":5,"gtceu:trinium_sulfide_dust":2,"mekanism:pellet_antimatter":332,"mekanismgenerators:fusion_reactor_port":6,"gtceu:mega_blast_furnace":64,"gtceu:hpca_advanced_computation_component":3,"ae2:storage_bus":1,"mekanism:rotary_condensentrator":3,"gtceu:wrought_iron_wire_cutter":7,"gtceu:kanthal_coil_block":5,"gtceu:hv_conveyor_module":1,"minecraft:grass_block":8,"mekanism:network_reader":1,"gtceu:tungsten_steel_normal_fluid_pipe":17,"gtceu:iv_input_bus":6,"gtceu:ulv_output_bus":1,"gtceu:white_dye_spray_can":7,"gtceu:iv_energy_output_hatch":3,"gtceu:cupronickel_coil_block":2,"gtceu:uranium_rhodium_dinaquadide_single_wire":4,"gtceu:wood_frame":9,"mekanism:pellet_plutonium":18,"gtceu:uv_energy_input_hatch_4a":1,"gtceu:red_alloy_double_cable":2,"gtceu:purple_dye_spray_can":1,"mekanism:superheating_element":5,"minecraft:charcoal":4541,"minecraft:splash_potion":1,"minecraft:chicken":3,"gtceu:portable_debug_scanner":1,"mekanism:solar_neutron_activator":1,"gtceu:hv_output_hatch":1,"gtceu:mask_filter":1,"mekanism:creative_chemical_tank":3,"gtceu:vibration_safe_casing":26,"gtceu:lv_sodium_battery":85,"mekanism:elite_induction_provider":1,"gtceu:aluminium_quadruple_fluid_pipe":1,"gtceu:lv_output_bus":6,"mekanism:ingot_uranium":75,"gtceu:ev_fluid_heater":1,"gtceu:large_sifting_funnel":1,"gtceu:computer_casing":1,"gtceu:hssg_double_cable":5,"mekanism:basic_injecting_factory":2,"gtceu:nichrome_coil_block":4,"gtceu:research_station":1,"gtceu:uranium_triplatinum_double_wire":1,"mekanism:basic_bin":1,"gtceu:uv_battery_buffer_4x":2,"gtceu:luv_energy_input_hatch":9,"mekanism:basic_pressurized_tube":2,"gtceu:ev_air_scrubber":1,"mekanism:creative_energy_cube":5,"mekanism:block_raw_uranium":6011,"gtceu:hv_transformer_1a":1,"minecraft:copper_ingot":64,"gtceu:uranium_triplatinum_single_wire":2,"minecraft:note_block":1,"gtceu:nonconducting_casing":42,"mekanism:thermal_evaporation_block":15,"ae2:speed_card":57,"gtceu:mv_output_hatch":2,"mekanism:block_fluorite":6768,"gtceu:hot_titanium_ingot":2001,"gtceu:auto_maintenance_hatch":6,"mekanism:dust_uranium":150,"ae2:item_p2p_tunnel":1,"gtceu:uranium_235_dust":176,"ae2:quartz_fiber":1,"gtceu:titanium_wire_cutter":1,"gtceu:lv_diamond_wrench":1,"gtceu:mv_transformer_1a":1,"gtceu:iv_electrolyzer":1,"gtceu:naquadah_alloy_wire_cutter":1,"minecraft:glow_ink_sac":5,"minecraft:leather":79,"gtceu:solvent_spray_can":1,"minecraft:bedrock":1,"gtceu:antimony_trifluoride_dust":12,"gtceu:sodium_dust":64,"mekanismgenerators:fission_fuel_assembly":10,"mekanismgenerators:fusion_reactor_frame":37,"gtceu:tungsten_steel_crate":1,"gtceu:uv_naquadria_battery":570,"gtceu:ruthenium_trinium_americium_neutronate_double_wire":1,"storagedrawers:oak_full_drawers_1":4,"gtceu:samarium_iron_arsenic_oxide_single_wire":1,"gtceu:advanced_energy_detector_cover":3,"gtceu:manganese_phosphide_quadruple_wire":4,"mekanism:yellow_cake_uranium":67,"minecraft:scaffolding":14,"gtceu:lv_input_bus":6,"mekanism:ultimate_pressurized_tube":2,"gtceu:ev_output_hatch_4x":2,"mekanism:induction_port":4,"gtceu:machine_controller_cover":1,"gtceu:creative_energy":74,"minecraft:white_bed":1,"gtceu:enriched_naquadah_trinium_europium_duranide_single_wire":3,"gtceu:uraninite_dust":480,"buildinggadgets2:gadget_copy_paste":4,"gtceu:reaction_safe_mixing_casing":4,"gtceu:zpm_substation_output_hatch_64a":2,"gtceu:normal_optical_pipe":57,"gtceu:energy_detector_cover":2,"gtceu:yellow_dye_spray_can":8,"gtceu:data_module":63,"expatternprovider:ex_interface_part":1,"mekanism:fluorite_gem":64,"gtceu:lv_input_hatch":14,"gtceu:uhv_battery_buffer_4x":1,"mekanism:creative_bin":2,"gtceu:green_dye_spray_can":3,"gtceu:hv_energy_output_hatch":8,"gtceu:refined_palladium_ore":2,"gtceu:red_alloy_quadruple_cable":1},"minecraft:killed":{"minecraft:zombie":4,"minecraft:cow":3,"minecraft:wandering_trader":62,"minecraft:spider":3,"minecraft:pig":10,"minecraft:sheep":4,"minecraft:trader_llama":129,"minecraft:slime":43,"minecraft:bat":57},"minecraft:killed_by":{"minecraft:zombie":1,"minecraft:slime":1,"minecraft:creeper":1,"minecraft:spider":1,"minecraft:skeleton":1},"minecraft:mined":{"gtceu:luv_energy_input_hatch":2,"gtceu:industrial_tnt":2,"minecraft:torch":1,"gtceu:lv_super_chest":4,"storagedrawers:oak_full_drawers_1":3,"storagedrawers:oak_full_drawers_2":3,"minecraft:white_wool":60,"gtceu:high_power_casing":40,"minecraft:grass_block":6,"gtceu:hv_energy_output_hatch":4,"gtceu:lv_energy_output_hatch":4,"minecraft:dirt":4,"gtceu:active_transformer":3,"minecraft:scaffolding":1,"gtceu:powderbarrel":4,"gtceu:iv_energy_output_hatch":2,"gtceu:hpca_advanced_computation_component":8,"gtceu:superconducting_coil":2}},"DataVersion":3465}