{
  "minecraft:recipes/decorations/crafting_table": {
    "criteria": {
      "unlock_right_away": "2023-11-29 10:49:43 +0700"
    },
    "done": true
  },
  "mekanism:root": {
    "criteria": {
      "automatic": "2023-11-29 10:49:43 +0700"
    },
    "done": true
  },
  "minecraft:adventure/adventuring_time": {
    "criteria": {
      "minecraft:plains": "2023-11-29 10:49:52 +0700"
    },
    "done": false
  },
  "create:root": {
    "criteria": {
      "0": "2023-11-29 10:50:20 +0700"
    },
    "done": true
  },
  "storagedrawers:recipes/storagedrawers/one_stack_upgrade": {
    "criteria": {
      "has_template": "2023-11-29 11:22:14 +0700"
    },
    "done": true
  },
  "storagedrawers:recipes/storagedrawers/diamond_storage_upgrade": {
    "criteria": {
      "has_template": "2023-11-29 11:22:14 +0700"
    },
    "done": true
  },
  "storagedrawers:recipes/storagedrawers/illumination_upgrade": {
    "criteria": {
      "has_template": "2023-11-29 11:22:14 +0700"
    },
    "done": true
  },
  "storagedrawers:recipes/storagedrawers/acacia_trim": {
    "criteria": {
      "has_planks": "2023-11-29 11:22:14 +0700"
    },
    "done": true
  },
  "storagedrawers:recipes/storagedrawers/crimson_trim": {
    "criteria": {
      "has_planks": "2023-11-29 11:22:14 +0700"
    },
    "done": true
  },
  "storagedrawers:recipes/storagedrawers/concealment_key": {
    "criteria": {
      "has_template": "2023-11-29 11:22:14 +0700"
    },
    "done": true
  },
  "storagedrawers:recipes/storagedrawers/drawer_key": {
    "criteria": {
      "has_template": "2023-11-29 11:22:14 +0700"
    },
    "done": true
  },
  "storagedrawers:recipes/storagedrawers/min_redstone_upgrade": {
    "criteria": {
      "has_template": "2023-11-29 11:22:14 +0700"
    },
    "done": true
  },
  "storagedrawers:recipes/storagedrawers/gold_storage_upgrade": {
    "criteria": {
      "has_template": "2023-11-29 11:22:14 +0700"
    },
    "done": true
  },
  "storagedrawers:recipes/storagedrawers/birch_trim": {
    "criteria": {
      "has_planks": "2023-11-29 11:22:14 +0700"
    },
    "done": true
  },
  "storagedrawers:recipes/storagedrawers/void_upgrade": {
    "criteria": {
      "has_template": "2023-11-29 11:22:14 +0700"
    },
    "done": true
  },
  "storagedrawers:recipes/storagedrawers/warped_trim": {
    "criteria": {
      "has_planks": "2023-11-29 11:22:14 +0700"
    },
    "done": true
  },
  "storagedrawers:recipes/storagedrawers/jungle_trim": {
    "criteria": {
      "has_planks": "2023-11-29 11:22:14 +0700"
    },
    "done": true
  },
  "storagedrawers:recipes/storagedrawers/fill_level_upgrade": {
    "criteria": {
      "has_template": "2023-11-29 11:22:14 +0700"
    },
    "done": true
  },
  "storagedrawers:recipes/storagedrawers/max_redstone_upgrade": {
    "criteria": {
      "has_template": "2023-11-29 11:22:14 +0700"
    },
    "done": true
  },
  "storagedrawers:recipes/storagedrawers/redstone_upgrade": {
    "criteria": {
      "has_template": "2023-11-29 11:22:14 +0700"
    },
    "done": true
  },
  "storagedrawers:recipes/storagedrawers/spruce_trim": {
    "criteria": {
      "has_planks": "2023-11-29 11:22:14 +0700"
    },
    "done": true
  },
  "storagedrawers:recipes/storagedrawers/quantify_key": {
    "criteria": {
      "has_template": "2023-11-29 11:22:14 +0700"
    },
    "done": true
  },
  "storagedrawers:recipes/storagedrawers/dark_oak_trim": {
    "criteria": {
      "has_planks": "2023-11-29 11:22:14 +0700"
    },
    "done": true
  },
  "storagedrawers:recipes/storagedrawers/oak_trim": {
    "criteria": {
      "has_planks": "2023-11-29 11:22:14 +0700"
    },
    "done": true
  },
  "storagedrawers:recipes/storagedrawers/emerald_storage_upgrade": {
    "criteria": {
      "has_template": "2023-11-29 11:22:14 +0700"
    },
    "done": true
  },
  "storagedrawers:recipes/storagedrawers/obsidian_storage_upgrade": {
    "criteria": {
      "has_template": "2023-11-29 11:22:14 +0700"
    },
    "done": true
  },
  "storagedrawers:recipes/storagedrawers/iron_storage_upgrade": {
    "criteria": {
      "has_template": "2023-11-29 11:22:14 +0700"
    },
    "done": true
  },
  "mekanism:configurator": {
    "criteria": {
      "configurator": "2023-11-29 13:37:23 +0700"
    },
    "done": true
  },
  "minecraft:recipes/decorations/chest": {
    "criteria": {
      "has_lots_of_items": "2023-11-29 14:23:22 +0700"
    },
    "done": true
  },
  "mekanism:chemical_crystallizer": {
    "criteria": {
      "chemical_dissolution_chamber": "2023-11-29 14:39:07 +0700",
      "chemical_crystallizer": "2023-11-29 14:39:13 +0700",
      "chemical_washer": "2023-11-29 14:39:08 +0700"
    },
    "done": true
  },
  "mekanism:chemical_transport": {
    "criteria": {
      "basic_pressurized_tube": "2023-11-29 14:39:26 +0700"
    },
    "done": true
  },
  "mekanism:factory": {
    "criteria": {
      "factory": "2023-11-29 14:49:38 +0700"
    },
    "done": true
  },
  "mekanism:logistical_sorter": {
    "criteria": {
      "logistical_sorter": "2023-11-29 14:53:41 +0700"
    },
    "done": true
  },
  "mekanism:sps": {
    "criteria": {
      "sps_casing": "2023-11-30 09:37:13 +0700",
      "sps_port": "2023-11-30 09:37:14 +0700"
    },
    "done": true
  },
  "mekanism:configuration_copying": {
    "criteria": {
      "copy": "2023-12-01 09:38:58 +0700",
      "paste": "2023-12-01 09:39:00 +0700"
    },
    "done": true
  },
  "mekanism:cleaning_gauges": {
    "criteria": {
      "use_dropper": "2023-12-01 09:45:00 +0700"
    },
    "done": true
  },
  "mekanism:chemical_tank": {
    "criteria": {
      "basic_chemical_tank": "2023-12-01 09:55:42 +0700"
    },
    "done": true
  },
  "mekanism:automated_crafting": {
    "criteria": {
      "formulaic_assemblicator": "2023-12-01 10:10:58 +0700"
    },
    "done": true
  },
  "minecraft:recipes/misc/charcoal": {
    "criteria": {
      "has_log": "2023-12-01 10:32:59 +0700"
    },
    "done": true
  },
  "minecraft:recipes/building_blocks/oak_planks": {
    "criteria": {
      "has_logs": "2023-12-01 10:32:59 +0700"
    },
    "done": true
  },
  "minecraft:recipes/building_blocks/oak_wood": {
    "criteria": {
      "has_log": "2023-12-01 10:32:59 +0700"
    },
    "done": true
  },
  "minecraft:recipes/brewing/cauldron": {
    "criteria": {
      "has_water_bucket": "2023-12-01 10:34:46 +0700"
    },
    "done": true
  },
  "minecraft:recipes/transportation/cherry_boat": {
    "criteria": {
      "in_water": "2023-12-01 10:34:52 +0700"
    },
    "done": true
  },
  "minecraft:recipes/transportation/bamboo_raft": {
    "criteria": {
      "in_water": "2023-12-01 10:34:52 +0700"
    },
    "done": true
  },
  "minecraft:recipes/transportation/acacia_boat": {
    "criteria": {
      "in_water": "2023-12-01 10:34:52 +0700"
    },
    "done": true
  },
  "minecraft:recipes/transportation/jungle_boat": {
    "criteria": {
      "in_water": "2023-12-01 10:34:52 +0700"
    },
    "done": true
  },
  "minecraft:recipes/transportation/spruce_boat": {
    "criteria": {
      "in_water": "2023-12-01 10:34:52 +0700"
    },
    "done": true
  },
  "minecraft:recipes/transportation/birch_boat": {
    "criteria": {
      "in_water": "2023-12-01 10:34:52 +0700"
    },
    "done": true
  },
  "minecraft:recipes/transportation/oak_boat": {
    "criteria": {
      "in_water": "2023-12-01 10:34:52 +0700"
    },
    "done": true
  },
  "minecraft:recipes/transportation/mangrove_boat": {
    "criteria": {
      "in_water": "2023-12-01 10:34:52 +0700"
    },
    "done": true
  },
  "minecraft:recipes/transportation/dark_oak_boat": {
    "criteria": {
      "in_water": "2023-12-01 10:34:52 +0700"
    },
    "done": true
  },
  "mekanism:pump": {
    "criteria": {
      "electric_pump": "2023-12-01 10:35:09 +0700"
    },
    "done": true
  },
  "storagedrawers:recipes/storagedrawers/compacting_drawers": {
    "criteria": {
      "has_chest": "2023-12-02 19:54:15 +0700"
    },
    "done": true
  },
  "storagedrawers:recipes/storagedrawers/upgrade_template": {
    "criteria": {
      "has_chest": "2023-12-02 19:54:15 +0700"
    },
    "done": true
  },
  "storagedrawers:recipes/storagedrawers/controller": {
    "criteria": {
      "has_chest": "2023-12-02 19:54:15 +0700"
    },
    "done": true
  },
  "storagedrawers:recipes/storagedrawers/controller_slave": {
    "criteria": {
      "has_chest": "2023-12-02 19:54:15 +0700"
    },
    "done": true
  },
  "mekanism:sna": {
    "criteria": {
      "solar_neutron_activator": "2023-12-02 20:22:22 +0700"
    },
    "done": true
  },
  "storagedrawers:recipes/storagedrawers/acacia_drawers": {
    "criteria": {
      "has_chest": "2023-12-02 21:02:07 +0700"
    },
    "done": true
  },
  "storagedrawers:recipes/storagedrawers/dark_oak_drawers": {
    "criteria": {
      "has_chest": "2023-12-02 21:02:07 +0700"
    },
    "done": true
  },
  "storagedrawers:recipes/storagedrawers/warped_drawers": {
    "criteria": {
      "has_chest": "2023-12-02 21:02:07 +0700"
    },
    "done": true
  },
  "storagedrawers:recipes/storagedrawers/oak_drawers": {
    "criteria": {
      "has_chest": "2023-12-02 21:02:07 +0700"
    },
    "done": true
  },
  "storagedrawers:recipes/storagedrawers/jungle_drawers": {
    "criteria": {
      "has_chest": "2023-12-02 21:02:07 +0700"
    },
    "done": true
  },
  "storagedrawers:recipes/storagedrawers/birch_drawers": {
    "criteria": {
      "has_chest": "2023-12-02 21:02:07 +0700"
    },
    "done": true
  },
  "storagedrawers:recipes/storagedrawers/crimson_drawers": {
    "criteria": {
      "has_chest": "2023-12-02 21:02:07 +0700"
    },
    "done": true
  },
  "storagedrawers:recipes/storagedrawers/spruce_drawers": {
    "criteria": {
      "has_chest": "2023-12-02 21:02:07 +0700"
    },
    "done": true
  },
  "mekanism:yellow_cake": {
    "criteria": {
      "yellow_cake_uranium": "2023-12-02 21:27:03 +0700"
    },
    "done": true
  },
  "ae2:recipes/misc/network/parts/storage_bus": {
    "criteria": {
      "has_interface": "2023-12-03 15:43:52 +0700"
    },
    "done": true
  },
  "ae2:recipes/misc/network/blocks/interfaces_interface_part": {
    "criteria": {
      "has_interface": "2023-12-03 15:43:52 +0700"
    },
    "done": true
  },
  "ae2:main/storage_cell": {
    "criteria": {
      "c4k": "2023-12-03 15:44:12 +0700"
    },
    "done": true
  },
  "ae2:recipes/misc/network/blocks/io_port": {
    "criteria": {
      "has_drive": "2023-12-03 15:44:21 +0700"
    },
    "done": true
  },
  "ae2:main/controller": {
    "criteria": {
      "certus": "2023-12-03 15:44:34 +0700"
    },
    "done": true
  },
  "ae2:recipes/misc/network/wireless_terminal": {
    "criteria": {
      "has_terminal": "2023-12-03 15:48:34 +0700"
    },
    "done": true
  },
  "ae2:recipes/misc/network/parts/terminals_crafting": {
    "criteria": {
      "has_terminal": "2023-12-03 15:48:34 +0700"
    },
    "done": true
  },
  "ae2:recipes/misc/network/blocks/storage_chest": {
    "criteria": {
      "has_terminal": "2023-12-03 15:48:34 +0700"
    },
    "done": true
  },
  "ae2:recipes/misc/network/cells/view_cell_storage": {
    "criteria": {
      "has_terminal": "2023-12-03 15:48:34 +0700"
    },
    "done": true
  },
  "ae2:recipes/misc/network/cells/view_cell": {
    "criteria": {
      "has_terminal": "2023-12-03 15:48:34 +0700"
    },
    "done": true
  },
  "ae2:recipes/misc/network/cables/glass_blue": {
    "criteria": {
      "has_fluix_glass_cable": "2023-12-03 15:48:48 +0700"
    },
    "done": true
  },
  "ae2:recipes/misc/network/cables/glass_lime": {
    "criteria": {
      "has_fluix_glass_cable": "2023-12-03 15:48:48 +0700"
    },
    "done": true
  },
  "ae2:recipes/misc/network/cables/glass_brown": {
    "criteria": {
      "has_fluix_glass_cable": "2023-12-03 15:48:48 +0700"
    },
    "done": true
  },
  "ae2:recipes/misc/network/blocks/crystal_processing_growth_accelerator": {
    "criteria": {
      "has_glass_cable": "2023-12-03 15:48:48 +0700"
    },
    "done": true
  },
  "ae2:recipes/misc/network/cables/glass_yellow": {
    "criteria": {
      "has_fluix_glass_cable": "2023-12-03 15:48:48 +0700"
    },
    "done": true
  },
  "ae2:main/glass_cable": {
    "criteria": {
      "certus": "2023-12-03 15:48:48 +0700"
    },
    "done": true
  },
  "ae2:recipes/misc/network/cables/glass_cyan": {
    "criteria": {
      "has_fluix_glass_cable": "2023-12-03 15:48:48 +0700"
    },
    "done": true
  },
  "ae2:recipes/misc/network/blocks/spatial_io_pylon": {
    "criteria": {
      "has_glass_cable": "2023-12-03 15:48:48 +0700"
    },
    "done": true
  },
  "ae2:recipes/misc/network/cables/glass_magenta": {
    "criteria": {
      "has_fluix_glass_cable": "2023-12-03 15:48:48 +0700"
    },
    "done": true
  },
  "ae2:recipes/misc/network/parts/toggle_bus": {
    "criteria": {
      "has_glass_cable": "2023-12-03 15:48:48 +0700"
    },
    "done": true
  },
  "ae2:recipes/misc/network/cables/glass_green": {
    "criteria": {
      "has_fluix_glass_cable": "2023-12-03 15:48:48 +0700"
    },
    "done": true
  },
  "ae2:recipes/misc/network/cables/glass_light_blue": {
    "criteria": {
      "has_fluix_glass_cable": "2023-12-03 15:48:48 +0700"
    },
    "done": true
  },
  "ae2:recipes/misc/network/cables/glass_black": {
    "criteria": {
      "has_fluix_glass_cable": "2023-12-03 15:48:48 +0700"
    },
    "done": true
  },
  "ae2:recipes/misc/network/cables/glass_pink": {
    "criteria": {
      "has_fluix_glass_cable": "2023-12-03 15:48:48 +0700"
    },
    "done": true
  },
  "ae2:recipes/misc/network/cables/glass_light_gray": {
    "criteria": {
      "has_fluix_glass_cable": "2023-12-03 15:48:48 +0700"
    },
    "done": true
  },
  "ae2:recipes/misc/network/cables/glass_purple": {
    "criteria": {
      "has_fluix_glass_cable": "2023-12-03 15:48:48 +0700"
    },
    "done": true
  },
  "ae2:recipes/misc/network/cables/glass_orange": {
    "criteria": {
      "has_fluix_glass_cable": "2023-12-03 15:48:48 +0700"
    },
    "done": true
  },
  "ae2:recipes/misc/network/cables/covered_fluix": {
    "criteria": {
      "has_glass_cable": "2023-12-03 15:48:48 +0700"
    },
    "done": true
  },
  "ae2:recipes/misc/network/cables/glass_gray": {
    "criteria": {
      "has_fluix_glass_cable": "2023-12-03 15:48:48 +0700"
    },
    "done": true
  },
  "ae2:recipes/misc/network/cables/glass_fluix_clean": {
    "criteria": {
      "has_glass_cable": "2023-12-03 15:48:48 +0700"
    },
    "done": true
  },
  "ae2:recipes/misc/network/cables/glass_red": {
    "criteria": {
      "has_fluix_glass_cable": "2023-12-03 15:48:48 +0700"
    },
    "done": true
  },
  "ae2:recipes/misc/network/cables/glass_white": {
    "criteria": {
      "has_fluix_glass_cable": "2023-12-03 15:48:48 +0700"
    },
    "done": true
  },
  "mekanism:materials": {
    "criteria": {
      "material": "2023-12-04 09:33:27 +0700"
    },
    "done": true
  },
  "mekanismtools:alternate_tools": {
    "criteria": {
      "tools": "2023-12-04 09:43:16 +0700"
    },
    "done": true
  },
  "minecraft:recipes/combat/leather_helmet": {
    "criteria": {
      "has_leather": "2023-12-04 09:43:24 +0700"
    },
    "done": true
  },
  "minecraft:recipes/combat/leather_chestplate": {
    "criteria": {
      "has_leather": "2023-12-04 09:43:24 +0700"
    },
    "done": true
  },
  "minecraft:recipes/misc/leather_horse_armor": {
    "criteria": {
      "has_leather": "2023-12-04 09:43:24 +0700"
    },
    "done": true
  },
  "minecraft:recipes/decorations/item_frame": {
    "criteria": {
      "has_leather": "2023-12-04 09:43:24 +0700"
    },
    "done": true
  },
  "minecraft:adventure/root": {
    "criteria": {
      "killed_something": "2023-12-04 09:43:24 +0700"
    },
    "done": true
  },
  "minecraft:recipes/combat/leather_boots": {
    "criteria": {
      "has_leather": "2023-12-04 09:43:24 +0700"
    },
    "done": true
  },
  "minecraft:recipes/combat/leather_leggings": {
    "criteria": {
      "has_leather": "2023-12-04 09:43:24 +0700"
    },
    "done": true
  },
  "create:recipes/misc/crafting/kinetics/fluid_tank": {
    "criteria": {
      "has_item": "2023-12-04 23:36:34 +0700"
    },
    "done": true
  },
  "create:recipes/misc/crafting/kinetics/item_vault": {
    "criteria": {
      "has_item": "2023-12-04 23:36:34 +0700"
    },
    "done": true
  },
  "minecraft:recipes/decorations/campfire": {
    "criteria": {
      "has_coal": "2023-12-04 23:41:42 +0700"
    },
    "done": true
  },
  "mekanism:network_reader": {
    "criteria": {
      "network_reader": "2023-12-06 23:20:48 +0700"
    },
    "done": true
  },
  "minecraft:recipes/building_blocks/smooth_basalt": {
    "criteria": {
      "has_basalt": "2023-12-07 07:39:29 +0700"
    },
    "done": true
  },
  "minecraft:recipes/building_blocks/polished_basalt": {
    "criteria": {
      "has_basalt": "2023-12-07 07:39:29 +0700"
    },
    "done": true
  },
  "minecraft:recipes/building_blocks/polished_basalt_from_basalt_stonecutting": {
    "criteria": {
      "has_basalt": "2023-12-07 07:39:29 +0700"
    },
    "done": true
  },
  "mekanism:advanced_control_circuit": {
    "criteria": {
      "advanced_control_circuit": "2023-12-13 08:56:47 +0700"
    },
    "done": true
  },
  "mekanism:elite_control_circuit": {
    "criteria": {
      "elite_control_circuit": "2023-12-13 08:56:48 +0700"
    },
    "done": true
  },
  "mekanism:ultimate_control_circuit": {
    "criteria": {
      "ultimate_control_circuit": "2023-12-13 08:56:53 +0700"
    },
    "done": true
  },
  "mekanism:infused_alloy": {
    "criteria": {
      "alloy_infused": "2023-12-13 08:57:08 +0700"
    },
    "done": true
  },
  "mekanism:reinforced_alloy": {
    "criteria": {
      "alloy_reinforced": "2023-12-13 08:57:10 +0700"
    },
    "done": true
  },
  "mekanism:atomic_alloy": {
    "criteria": {
      "alloy_atomic": "2023-12-13 08:57:11 +0700"
    },
    "done": true
  },
  "mekanism:alloy_upgrading": {
    "criteria": {
      "upgrade": "2023-12-13 08:57:31 +0700"
    },
    "done": true
  },
  "create:recipes/building_blocks/crafting/kinetics/blue_seat": {
    "criteria": {
      "has_wool": "2024-01-12 11:46:47 +0700"
    },
    "done": true
  },
  "create:recipes/building_blocks/crafting/kinetics/magenta_seat": {
    "criteria": {
      "has_wool": "2024-01-12 11:46:47 +0700"
    },
    "done": true
  },
  "create:recipes/building_blocks/crafting/kinetics/light_blue_seat": {
    "criteria": {
      "has_wool": "2024-01-12 11:46:47 +0700"
    },
    "done": true
  },
  "create:recipes/building_blocks/crafting/kinetics/green_seat": {
    "criteria": {
      "has_wool": "2024-01-12 11:46:47 +0700"
    },
    "done": true
  },
  "create:recipes/building_blocks/crafting/kinetics/purple_seat": {
    "criteria": {
      "has_wool": "2024-01-12 11:46:47 +0700"
    },
    "done": true
  },
  "minecraft:recipes/decorations/white_bed": {
    "criteria": {
      "has_white_wool": "2024-01-12 11:46:47 +0700"
    },
    "done": true
  },
  "create:recipes/building_blocks/crafting/kinetics/brown_seat": {
    "criteria": {
      "has_wool": "2024-01-12 11:46:47 +0700"
    },
    "done": true
  },
  "create:recipes/building_blocks/crafting/kinetics/gray_seat": {
    "criteria": {
      "has_wool": "2024-01-12 11:46:47 +0700"
    },
    "done": true
  },
  "minecraft:recipes/decorations/painting": {
    "criteria": {
      "has_wool": "2024-01-12 11:46:47 +0700"
    },
    "done": true
  },
  "create:recipes/building_blocks/crafting/kinetics/red_seat": {
    "criteria": {
      "has_wool": "2024-01-12 11:46:47 +0700"
    },
    "done": true
  },
  "create:recipes/building_blocks/crafting/kinetics/light_gray_seat": {
    "criteria": {
      "has_wool": "2024-01-12 11:46:47 +0700"
    },
    "done": true
  },
  "create:recipes/building_blocks/crafting/kinetics/orange_seat": {
    "criteria": {
      "has_wool": "2024-01-12 11:46:47 +0700"
    },
    "done": true
  },
  "create:recipes/building_blocks/crafting/kinetics/cyan_seat": {
    "criteria": {
      "has_wool": "2024-01-12 11:46:47 +0700"
    },
    "done": true
  },
  "minecraft:recipes/decorations/white_carpet": {
    "criteria": {
      "has_white_wool": "2024-01-12 11:46:47 +0700"
    },
    "done": true
  },
  "create:recipes/building_blocks/crafting/kinetics/pink_seat": {
    "criteria": {
      "has_wool": "2024-01-12 11:46:47 +0700"
    },
    "done": true
  },
  "create:recipes/building_blocks/crafting/kinetics/black_seat": {
    "criteria": {
      "has_wool": "2024-01-12 11:46:47 +0700"
    },
    "done": true
  },
  "minecraft:recipes/decorations/white_banner": {
    "criteria": {
      "has_white_wool": "2024-01-12 11:46:47 +0700"
    },
    "done": true
  },
  "create:recipes/building_blocks/crafting/kinetics/white_seat": {
    "criteria": {
      "has_wool": "2024-01-12 11:46:47 +0700"
    },
    "done": true
  },
  "create:recipes/building_blocks/crafting/kinetics/lime_seat": {
    "criteria": {
      "has_wool": "2024-01-12 11:46:47 +0700"
    },
    "done": true
  },
  "create:recipes/building_blocks/crafting/kinetics/yellow_seat": {
    "criteria": {
      "has_wool": "2024-01-12 11:46:47 +0700"
    },
    "done": true
  },
  "minecraft:recipes/building_blocks/light_blue_stained_glass": {
    "criteria": {
      "has_glass": "2024-01-12 11:55:01 +0700"
    },
    "done": true
  },
  "minecraft:recipes/building_blocks/orange_stained_glass": {
    "criteria": {
      "has_glass": "2024-01-12 11:55:01 +0700"
    },
    "done": true
  },
  "minecraft:recipes/building_blocks/pink_stained_glass": {
    "criteria": {
      "has_glass": "2024-01-12 11:55:01 +0700"
    },
    "done": true
  },
  "minecraft:recipes/building_blocks/black_stained_glass": {
    "criteria": {
      "has_glass": "2024-01-12 11:55:01 +0700"
    },
    "done": true
  },
  "minecraft:recipes/building_blocks/gray_stained_glass": {
    "criteria": {
      "has_glass": "2024-01-12 11:55:01 +0700"
    },
    "done": true
  },
  "create:recipes/building_blocks/horizontal_framed_glass_from_glass_colorless_stonecutting": {
    "criteria": {
      "has_glass_colorless": "2024-01-12 11:55:01 +0700"
    },
    "done": true
  },
  "minecraft:recipes/building_blocks/red_stained_glass": {
    "criteria": {
      "has_glass": "2024-01-12 11:55:01 +0700"
    },
    "done": true
  },
  "minecraft:recipes/building_blocks/light_gray_stained_glass": {
    "criteria": {
      "has_glass": "2024-01-12 11:55:01 +0700"
    },
    "done": true
  },
  "create:recipes/building_blocks/framed_glass_from_glass_colorless_stonecutting": {
    "criteria": {
      "has_glass_colorless": "2024-01-12 11:55:01 +0700"
    },
    "done": true
  },
  "minecraft:recipes/building_blocks/cyan_stained_glass": {
    "criteria": {
      "has_glass": "2024-01-12 11:55:01 +0700"
    },
    "done": true
  },
  "create:recipes/building_blocks/vertical_framed_glass_from_glass_colorless_stonecutting": {
    "criteria": {
      "has_glass_colorless": "2024-01-12 11:55:01 +0700"
    },
    "done": true
  },
  "minecraft:recipes/building_blocks/green_stained_glass": {
    "criteria": {
      "has_glass": "2024-01-12 11:55:01 +0700"
    },
    "done": true
  },
  "minecraft:recipes/building_blocks/brown_stained_glass": {
    "criteria": {
      "has_glass": "2024-01-12 11:55:01 +0700"
    },
    "done": true
  },
  "minecraft:recipes/building_blocks/blue_stained_glass": {
    "criteria": {
      "has_glass": "2024-01-12 11:55:01 +0700"
    },
    "done": true
  },
  "minecraft:recipes/building_blocks/lime_stained_glass": {
    "criteria": {
      "has_glass": "2024-01-12 11:55:01 +0700"
    },
    "done": true
  },
  "minecraft:recipes/decorations/glass_pane": {
    "criteria": {
      "has_glass": "2024-01-12 11:55:01 +0700"
    },
    "done": true
  },
  "minecraft:recipes/building_blocks/magenta_stained_glass": {
    "criteria": {
      "has_glass": "2024-01-12 11:55:01 +0700"
    },
    "done": true
  },
  "minecraft:recipes/building_blocks/white_stained_glass": {
    "criteria": {
      "has_glass": "2024-01-12 11:55:01 +0700"
    },
    "done": true
  },
  "minecraft:recipes/brewing/glass_bottle": {
    "criteria": {
      "has_glass": "2024-01-12 11:55:01 +0700"
    },
    "done": true
  },
  "minecraft:recipes/building_blocks/purple_stained_glass": {
    "criteria": {
      "has_glass": "2024-01-12 11:55:01 +0700"
    },
    "done": true
  },
  "minecraft:recipes/building_blocks/yellow_stained_glass": {
    "criteria": {
      "has_glass": "2024-01-12 11:55:01 +0700"
    },
    "done": true
  },
  "create:recipes/building_blocks/tiled_glass_from_glass_colorless_stonecutting": {
    "criteria": {
      "has_glass_colorless": "2024-01-12 11:55:01 +0700"
    },
    "done": true
  },
  "minecraft:recipes/misc/emerald": {
    "criteria": {
      "has_emerald_block": "2024-01-12 11:55:41 +0700"
    },
    "done": true
  },
  "minecraft:recipes/misc/iron_ingot_from_iron_block": {
    "criteria": {
      "has_iron_block": "2024-01-12 11:55:45 +0700"
    },
    "done": true
  },
  "minecraft:recipes/decorations/anvil": {
    "criteria": {
      "has_iron_block": "2024-01-12 11:55:45 +0700"
    },
    "done": true
  },
  "minecraft:recipes/misc/gold_ingot_from_gold_block": {
    "criteria": {
      "has_gold_block": "2024-01-12 11:56:11 +0700"
    },
    "done": true
  },
  "minecraft:recipes/misc/bone_meal_from_bone_block": {
    "criteria": {
      "has_bone_block": "2024-01-12 11:56:55 +0700"
    },
    "done": true
  },
  "minecraft:recipes/food/pumpkin_pie": {
    "criteria": {
      "has_pumpkin": "2024-01-12 11:57:22 +0700"
    },
    "done": true
  },
  "minecraft:recipes/misc/pumpkin_seeds": {
    "criteria": {
      "has_pumpkin": "2024-01-12 11:57:22 +0700"
    },
    "done": true
  },
  "minecraft:recipes/building_blocks/stone_bricks": {
    "criteria": {
      "has_stone": "2024-01-12 15:29:38 +0700"
    },
    "done": true
  },
  "minecraft:recipes/building_blocks/stone_bricks_from_stone_stonecutting": {
    "criteria": {
      "has_stone": "2024-01-12 15:29:38 +0700"
    },
    "done": true
  },
  "minecraft:recipes/building_blocks/stone_slab": {
    "criteria": {
      "has_stone": "2024-01-12 15:29:38 +0700"
    },
    "done": true
  },
  "minecraft:recipes/building_blocks/stone_stairs_from_stone_stonecutting": {
    "criteria": {
      "has_stone": "2024-01-12 15:29:38 +0700"
    },
    "done": true
  },
  "minecraft:recipes/redstone/stone_button": {
    "criteria": {
      "has_stone": "2024-01-12 15:29:38 +0700"
    },
    "done": true
  },
  "minecraft:recipes/redstone/stone_pressure_plate": {
    "criteria": {
      "has_stone": "2024-01-12 15:29:38 +0700"
    },
    "done": true
  },
  "minecraft:recipes/building_blocks/stone_stairs": {
    "criteria": {
      "has_stone": "2024-01-12 15:29:38 +0700"
    },
    "done": true
  },
  "minecraft:recipes/decorations/stonecutter": {
    "criteria": {
      "has_stone": "2024-01-12 15:29:38 +0700"
    },
    "done": true
  },
  "minecraft:recipes/building_blocks/smooth_stone": {
    "criteria": {
      "has_stone": "2024-01-12 15:29:38 +0700"
    },
    "done": true
  },
  "minecraft:recipes/decorations/stone_brick_walls_from_stone_stonecutting": {
    "criteria": {
      "has_stone": "2024-01-12 15:29:38 +0700"
    },
    "done": true
  },
  "minecraft:recipes/building_blocks/stone_brick_slab_from_stone_stonecutting": {
    "criteria": {
      "has_stone": "2024-01-12 15:29:38 +0700"
    },
    "done": true
  },
  "minecraft:recipes/building_blocks/stone_brick_stairs_from_stone_stonecutting": {
    "criteria": {
      "has_stone": "2024-01-12 15:29:38 +0700"
    },
    "done": true
  },
  "minecraft:recipes/building_blocks/stone_slab_from_stone_stonecutting": {
    "criteria": {
      "has_stone": "2024-01-12 15:29:38 +0700"
    },
    "done": true
  },
  "minecraft:recipes/building_blocks/chiseled_stone_bricks_stone_from_stonecutting": {
    "criteria": {
      "has_stone": "2024-01-12 15:29:38 +0700"
    },
    "done": true
  },
  "minecraft:recipes/building_blocks/jungle_planks": {
    "criteria": {
      "has_logs": "2024-03-20 08:03:49 +0700"
    },
    "done": true
  },
  "minecraft:recipes/decorations/oak_sign": {
    "criteria": {
      "has_planks": "2024-03-20 08:23:01 +0700"
    },
    "done": true
  },
  "minecraft:recipes/misc/stick": {
    "criteria": {
      "has_planks": "2024-03-20 08:23:01 +0700"
    },
    "done": true
  },
  "minecraft:recipes/building_blocks/oak_slab": {
    "criteria": {
      "has_planks": "2024-03-20 08:23:01 +0700"
    },
    "done": true
  },
  "minecraft:recipes/redstone/oak_fence_gate": {
    "criteria": {
      "has_planks": "2024-03-20 08:23:01 +0700"
    },
    "done": true
  },
  "minecraft:recipes/redstone/oak_door": {
    "criteria": {
      "has_planks": "2024-03-20 08:23:01 +0700"
    },
    "done": true
  },
  "minecraft:recipes/decorations/barrel": {
    "criteria": {
      "has_planks": "2024-03-20 08:23:01 +0700"
    },
    "done": true
  },
  "minecraft:recipes/redstone/oak_trapdoor": {
    "criteria": {
      "has_planks": "2024-03-20 08:23:01 +0700"
    },
    "done": true
  },
  "minecraft:recipes/building_blocks/oak_stairs": {
    "criteria": {
      "has_planks": "2024-03-20 08:23:01 +0700"
    },
    "done": true
  },
  "minecraft:recipes/decorations/oak_fence": {
    "criteria": {
      "has_planks": "2024-03-20 08:23:01 +0700"
    },
    "done": true
  },
  "minecraft:recipes/redstone/oak_button": {
    "criteria": {
      "has_planks": "2024-03-20 08:23:01 +0700"
    },
    "done": true
  },
  "minecraft:recipes/redstone/oak_pressure_plate": {
    "criteria": {
      "has_planks": "2024-03-20 08:23:01 +0700"
    },
    "done": true
  },
  "create:recipes/building_blocks/oak_window": {
    "criteria": {
      "has_ingredient": "2024-03-20 08:23:01 +0700"
    },
    "done": true
  },
  "minecraft:recipes/redstone/target": {
    "criteria": {
      "has_hay_block": "2024-03-20 08:27:52 +0700"
    },
    "done": true
  },
  "minecraft:recipes/misc/wheat": {
    "criteria": {
      "has_hay_block": "2024-03-20 08:27:52 +0700"
    },
    "done": true
  },
  "minecraft:recipes/redstone/redstone_lamp": {
    "criteria": {
      "has_glowstone": "2024-03-20 08:28:04 +0700"
    },
    "done": true
  },
  "minecraft:recipes/building_blocks/red_concrete_powder": {
    "criteria": {
      "has_sand": "2024-03-20 08:29:01 +0700"
    },
    "done": true
  },
  "minecraft:recipes/building_blocks/green_concrete_powder": {
    "criteria": {
      "has_sand": "2024-03-20 08:29:01 +0700"
    },
    "done": true
  },
  "minecraft:recipes/building_blocks/blue_concrete_powder": {
    "criteria": {
      "has_sand": "2024-03-20 08:29:01 +0700"
    },
    "done": true
  },
  "minecraft:recipes/building_blocks/lime_concrete_powder": {
    "criteria": {
      "has_sand": "2024-03-20 08:29:01 +0700"
    },
    "done": true
  },
  "minecraft:recipes/building_blocks/orange_concrete_powder": {
    "criteria": {
      "has_sand": "2024-03-20 08:29:01 +0700"
    },
    "done": true
  },
  "minecraft:recipes/building_blocks/magenta_concrete_powder": {
    "criteria": {
      "has_sand": "2024-03-20 08:29:01 +0700"
    },
    "done": true
  },
  "minecraft:recipes/building_blocks/black_concrete_powder": {
    "criteria": {
      "has_sand": "2024-03-20 08:29:01 +0700"
    },
    "done": true
  },
  "minecraft:recipes/building_blocks/purple_concrete_powder": {
    "criteria": {
      "has_sand": "2024-03-20 08:29:01 +0700"
    },
    "done": true
  },
  "minecraft:recipes/building_blocks/cyan_concrete_powder": {
    "criteria": {
      "has_sand": "2024-03-20 08:29:01 +0700"
    },
    "done": true
  },
  "minecraft:recipes/building_blocks/light_gray_concrete_powder": {
    "criteria": {
      "has_sand": "2024-03-20 08:29:01 +0700"
    },
    "done": true
  },
  "minecraft:recipes/building_blocks/pink_concrete_powder": {
    "criteria": {
      "has_sand": "2024-03-20 08:29:01 +0700"
    },
    "done": true
  },
  "minecraft:recipes/building_blocks/brown_concrete_powder": {
    "criteria": {
      "has_sand": "2024-03-20 08:29:01 +0700"
    },
    "done": true
  },
  "minecraft:recipes/building_blocks/light_blue_concrete_powder": {
    "criteria": {
      "has_sand": "2024-03-20 08:29:01 +0700"
    },
    "done": true
  },
  "minecraft:recipes/building_blocks/glass": {
    "criteria": {
      "has_smelts_to_glass": "2024-03-20 08:29:01 +0700"
    },
    "done": true
  },
  "minecraft:recipes/building_blocks/white_concrete_powder": {
    "criteria": {
      "has_sand": "2024-03-20 08:29:01 +0700"
    },
    "done": true
  },
  "minecraft:recipes/building_blocks/yellow_concrete_powder": {
    "criteria": {
      "has_sand": "2024-03-20 08:29:01 +0700"
    },
    "done": true
  },
  "minecraft:recipes/building_blocks/sandstone": {
    "criteria": {
      "has_sand": "2024-03-20 08:29:01 +0700"
    },
    "done": true
  },
  "minecraft:recipes/building_blocks/gray_concrete_powder": {
    "criteria": {
      "has_sand": "2024-03-20 08:29:01 +0700"
    },
    "done": true
  },
  "minecraft:recipes/building_blocks/blue_ice": {
    "criteria": {
      "has_packed_ice": "2024-03-20 08:31:45 +0700"
    },
    "done": true
  },
  "minecraft:recipes/building_blocks/terracotta": {
    "criteria": {
      "has_clay_block": "2024-03-20 08:34:04 +0700"
    },
    "done": true
  },
  "minecraft:recipes/decorations/soul_torch": {
    "criteria": {
      "has_soul_sand": "2024-03-20 08:35:38 +0700"
    },
    "done": true
  },
  "create:recipes/misc/smelting/scoria": {
    "criteria": {
      "has_item": "2024-03-20 08:35:38 +0700"
    },
    "done": true
  },
  "minecraft:recipes/decorations/soul_campfire": {
    "criteria": {
      "has_soul_sand": "2024-03-20 08:35:38 +0700"
    },
    "done": true
  },
  "minecraft:recipes/redstone/redstone_torch": {
    "criteria": {
      "has_redstone": "2024-03-21 11:23:42 +0700"
    },
    "done": true
  },
  "create:recipes/misc/crafting/logistics/pulse_extender": {
    "criteria": {
      "has_item": "2024-03-21 11:23:42 +0700"
    },
    "done": true
  },
  "create:recipes/misc/crafting/logistics/pulse_repeater": {
    "criteria": {
      "has_item": "2024-03-21 11:23:42 +0700"
    },
    "done": true
  },
  "ae2:recipes/misc/network/cells/fluid_cell_housing": {
    "criteria": {
      "has_dusts/redstone": "2024-03-21 11:23:42 +0700"
    },
    "done": true
  },
  "minecraft:recipes/tools/compass": {
    "criteria": {
      "has_redstone": "2024-03-21 11:23:42 +0700"
    },
    "done": true
  },
  "ae2:recipes/misc/network/cables/smart_fluix": {
    "criteria": {
      "has_dusts/redstone": "2024-03-21 11:23:42 +0700"
    },
    "done": true
  },
  "ae2:recipes/misc/network/cells/item_cell_housing": {
    "criteria": {
      "has_dusts/redstone": "2024-03-21 11:23:42 +0700"
    },
    "done": true
  },
  "minecraft:recipes/redstone/redstone_block": {
    "criteria": {
      "has_redstone": "2024-03-21 11:23:42 +0700"
    },
    "done": true
  },
  "ae2:recipes/misc/network/cables/dense_smart_fluix": {
    "criteria": {
      "has_dusts/redstone": "2024-03-21 11:23:42 +0700"
    },
    "done": true
  },
  "minecraft:recipes/tools/clock": {
    "criteria": {
      "has_redstone": "2024-03-21 11:23:42 +0700"
    },
    "done": true
  },
  "appmek:recipes/misc/chemical_cell_housing": {
    "criteria": {
      "has_dusts/redstone": "2024-03-21 11:23:42 +0700"
    },
    "done": true
  },
  "create:recipes/misc/crafting/logistics/powered_latch": {
    "criteria": {
      "has_item": "2024-03-21 11:23:42 +0700"
    },
    "done": true
  },
  "minecraft:recipes/redstone/note_block": {
    "criteria": {
      "has_redstone": "2024-03-21 11:23:42 +0700"
    },
    "done": true
  },
  "create:recipes/misc/crafting/logistics/powered_toggle_latch": {
    "criteria": {
      "has_item": "2024-03-21 11:23:42 +0700"
    },
    "done": true
  },
  "minecraft:recipes/redstone/dropper": {
    "criteria": {
      "has_redstone": "2024-03-21 11:23:42 +0700"
    },
    "done": true
  },
  "create:recipes/misc/crafting/materials/rose_quartz": {
    "criteria": {
      "has_item": "2024-03-21 11:23:42 +0700"
    },
    "done": true
  },
  "minecraft:recipes/redstone/piston": {
    "criteria": {
      "has_redstone": "2024-03-21 11:23:42 +0700"
    },
    "done": true
  },
  "mekanism:simple_mass_storage": {
    "criteria": {
      "basic_bin": "2024-03-21 13:02:10 +0700"
    },
    "done": true
  },
  "mekanism:antimatter": {
    "criteria": {
      "pellet_antimatter": "2024-03-23 12:54:26 +0700"
    },
    "done": true
  },
  "minecraft:recipes/redstone/repeater": {
    "criteria": {
      "has_redstone_torch": "2024-03-31 10:07:54 +0700"
    },
    "done": true
  },
  "ae2:recipes/misc/network/cables/dense_covered_yellow": {
    "criteria": {
      "has_dyes/black": "2024-04-02 11:41:59 +0700"
    },
    "done": true
  },
  "ae2:recipes/misc/network/cables/dense_smart_yellow": {
    "criteria": {
      "has_dyes/black": "2024-04-02 11:41:59 +0700"
    },
    "done": true
  },
  "ae2:recipes/misc/network/cables/smart_yellow": {
    "criteria": {
      "has_dyes/black": "2024-04-02 11:41:59 +0700"
    },
    "done": true
  },
  "ae2:main/storage_bus": {
    "criteria": {
      "part": "2024-04-04 13:19:08 +0700"
    },
    "done": true
  },
  "ae2:recipes/misc/network/parts/monitors_conversion": {
    "criteria": {
      "has_storage_monitor": "2024-04-04 13:21:07 +0700"
    },
    "done": true
  },
  "ae2:recipes/misc/network/parts/energy_acceptor": {
    "criteria": {
      "has_energy_acceptor": "2024-04-04 13:22:57 +0700"
    },
    "done": true
  },
  "ae2:recipes/misc/network/blocks/energy_vibration_chamber": {
    "criteria": {
      "has_energy_acceptor": "2024-04-04 13:22:57 +0700"
    },
    "done": true
  },
  "create:recipes/misc/crafting/appliances/crafting_blueprint": {
    "criteria": {
      "has_item": "2024-04-17 08:22:20 +0700"
    },
    "done": true
  },
  "minecraft:story/root": {
    "criteria": {
      "crafting_table": "2024-04-17 08:22:20 +0700"
    },
    "done": true
  },
  "mekanismgenerators:burn_the_gas": {
    "criteria": {
      "gas_burning_generator": "2024-04-22 08:25:40 +0700"
    },
    "done": true
  },
  "mekanism:energy_cube": {
    "criteria": {
      "basic_energy_cube": "2024-04-22 08:33:38 +0700"
    },
    "done": true
  },
  "buildinggadgets2:recipes/misc/gadget_cut_paste": {
    "criteria": {
      "has_shear": "2024-04-22 08:51:01 +0700"
    },
    "done": true
  },
  "mekanism:laser": {
    "criteria": {
      "laser": "2024-04-22 09:18:43 +0700"
    },
    "done": true
  },
  "mekanism:polonium": {
    "criteria": {
      "pellet_polonium": "2024-04-22 10:19:01 +0700"
    },
    "done": true
  },
  "mekanism:plutonium": {
    "criteria": {
      "pellet_plutonium": "2024-04-22 10:19:06 +0700"
    },
    "done": true
  },
  "create:recipes/misc/crafting/kinetics/steam_whistle": {
    "criteria": {
      "has_item": "2024-04-22 10:20:32 +0700"
    },
    "done": true
  },
  "create:recipes/misc/crafting/appliances/copper_backtank": {
    "criteria": {
      "has_item": "2024-04-22 10:20:32 +0700"
    },
    "done": true
  },
  "create:copper": {
    "criteria": {
      "0": "2024-04-22 10:20:32 +0700"
    },
    "done": true
  },
  "create:recipes/misc/crafting/kinetics/steam_engine": {
    "criteria": {
      "has_item": "2024-04-22 10:20:32 +0700"
    },
    "done": true
  },
  "minecraft:recipes/redstone/lightning_rod": {
    "criteria": {
      "has_copper_ingot": "2024-04-22 10:20:32 +0700"
    },
    "done": true
  },
  "create:recipes/building_blocks/copper_tiles_from_ingots_copper_stonecutting": {
    "criteria": {
      "has_ingots_copper": "2024-04-22 10:20:32 +0700"
    },
    "done": true
  },
  "create:recipes/misc/crafting/appliances/copper_diving_helmet": {
    "criteria": {
      "has_item": "2024-04-22 10:20:32 +0700"
    },
    "done": true
  },
  "create:recipes/misc/crafting/kinetics/fluid_pipe_vertical": {
    "criteria": {
      "has_item": "2024-04-22 10:20:32 +0700"
    },
    "done": true
  },
  "create:recipes/misc/crafting/kinetics/mechanical_pump": {
    "criteria": {
      "has_item": "2024-04-22 10:20:32 +0700"
    },
    "done": true
  },
  "minecraft:recipes/building_blocks/copper_block": {
    "criteria": {
      "has_copper_ingot": "2024-04-22 10:20:32 +0700"
    },
    "done": true
  },
  "minecraft:recipes/tools/brush": {
    "criteria": {
      "has_copper_ingot": "2024-04-22 10:20:32 +0700"
    },
    "done": true
  },
  "create:recipes/misc/crafting/appliances/copper_diving_boots": {
    "criteria": {
      "has_item": "2024-04-22 10:20:32 +0700"
    },
    "done": true
  },
  "create:recipes/misc/crafting/kinetics/copper_valve_handle": {
    "criteria": {
      "has_item": "2024-04-22 10:20:32 +0700"
    },
    "done": true
  },
  "create:recipes/misc/crafting/kinetics/smart_fluid_pipe": {
    "criteria": {
      "has_item": "2024-04-22 10:20:32 +0700"
    },
    "done": true
  },
  "create:recipes/misc/crafting/kinetics/copper_valve_handle_from_others": {
    "criteria": {
      "has_item": "2024-04-22 10:20:32 +0700"
    },
    "done": true
  },
  "create:recipes/decorations/copper_bars_from_ingots_copper_stonecutting": {
    "criteria": {
      "has_ingots_copper": "2024-04-22 10:20:32 +0700"
    },
    "done": true
  },
  "ae2:recipes/misc/network/blocks/crank": {
    "criteria": {
      "has_copper_ingot": "2024-04-22 10:20:32 +0700"
    },
    "done": true
  },
  "create:recipes/misc/crafting/materials/copper_nugget": {
    "criteria": {
      "has_item": "2024-04-22 10:20:32 +0700"
    },
    "done": true
  },
  "create:recipes/building_blocks/copper_shingles_from_ingots_copper_stonecutting": {
    "criteria": {
      "has_ingots_copper": "2024-04-22 10:20:32 +0700"
    },
    "done": true
  },
  "create:recipes/misc/crafting/kinetics/fluid_pipe": {
    "criteria": {
      "has_item": "2024-04-22 10:20:32 +0700"
    },
    "done": true
  },
  "create:recipes/misc/crafting/kinetics/fluid_valve": {
    "criteria": {
      "has_item": "2024-04-22 10:20:32 +0700"
    },
    "done": true
  },
  "create:recipes/decorations/copper_ladder_from_ingots_copper_stonecutting": {
    "criteria": {
      "has_ingots_copper": "2024-04-22 10:20:32 +0700"
    },
    "done": true
  },
  "create:recipes/decorations/copper_scaffolding_from_ingots_copper_stonecutting": {
    "criteria": {
      "has_ingots_copper": "2024-04-22 10:20:32 +0700"
    },
    "done": true
  },
  "create:recipes/misc/crafting/kinetics/hose_pulley": {
    "criteria": {
      "has_item": "2024-04-22 10:20:32 +0700"
    },
    "done": true
  },
  "ae2:main/root": {
    "criteria": {
      "copper": "2024-04-22 10:20:32 +0700"
    },
    "done": true
  },
  "minecraft:recipes/combat/diamond_sword": {
    "criteria": {
      "has_diamond": "2024-04-23 22:51:03 +0700"
    },
    "done": true
  },
  "minecraft:recipes/decorations/jukebox": {
    "criteria": {
      "has_diamond": "2024-04-23 22:51:03 +0700"
    },
    "done": true
  },
  "minecraft:recipes/combat/diamond_chestplate": {
    "criteria": {
      "has_diamond": "2024-04-23 22:51:03 +0700"
    },
    "done": true
  },
  "minecraft:recipes/tools/diamond_pickaxe": {
    "criteria": {
      "has_diamond": "2024-04-23 22:51:03 +0700"
    },
    "done": true
  },
  "minecraft:recipes/tools/diamond_hoe": {
    "criteria": {
      "has_diamond": "2024-04-23 22:51:03 +0700"
    },
    "done": true
  },
  "minecraft:recipes/tools/diamond_shovel": {
    "criteria": {
      "has_diamond": "2024-04-23 22:51:03 +0700"
    },
    "done": true
  },
  "minecraft:recipes/combat/diamond_helmet": {
    "criteria": {
      "has_diamond": "2024-04-23 22:51:03 +0700"
    },
    "done": true
  },
  "minecraft:recipes/building_blocks/diamond_block": {
    "criteria": {
      "has_diamond": "2024-04-23 22:51:03 +0700"
    },
    "done": true
  },
  "minecraft:story/mine_diamond": {
    "criteria": {
      "diamond": "2024-04-23 22:51:03 +0700"
    },
    "done": true
  },
  "minecraft:recipes/combat/diamond_leggings": {
    "criteria": {
      "has_diamond": "2024-04-23 22:51:03 +0700"
    },
    "done": true
  },
  "minecraft:recipes/combat/diamond_boots": {
    "criteria": {
      "has_diamond": "2024-04-23 22:51:03 +0700"
    },
    "done": true
  },
  "buildinggadgets2:recipes/misc/gadget_building": {
    "criteria": {
      "has_diamond": "2024-04-23 22:51:03 +0700"
    },
    "done": true
  },
  "buildinggadgets2:recipes/misc/gadget_exchanging": {
    "criteria": {
      "has_diamond": "2024-04-23 22:51:03 +0700"
    },
    "done": true
  },
  "minecraft:recipes/tools/diamond_axe": {
    "criteria": {
      "has_diamond": "2024-04-23 22:51:03 +0700"
    },
    "done": true
  },
  "ae2:main/network1": {
    "criteria": {
      "cable": "2024-07-03 23:07:58 +0700"
    },
    "done": true
  },
  "ae2:recipes/misc/network/cables/glass_fluix": {
    "criteria": {
      "has_quartz_fiber": "2024-07-04 21:55:55 +0700"
    },
    "done": true
  },
  "minecraft:recipes/building_blocks/stone_brick_stairs": {
    "criteria": {
      "has_stone_bricks": "2024-07-05 07:27:11 +0700"
    },
    "done": true
  },
  "minecraft:recipes/building_blocks/stone_brick_slab": {
    "criteria": {
      "has_stone_bricks": "2024-07-05 07:27:11 +0700"
    },
    "done": true
  },
  "minecraft:recipes/building_blocks/chiseled_stone_bricks_from_stone_bricks_stonecutting": {
    "criteria": {
      "has_stone_bricks": "2024-07-05 07:27:11 +0700"
    },
    "done": true
  },
  "minecraft:recipes/decorations/stone_brick_wall": {
    "criteria": {
      "has_stone_bricks": "2024-07-05 07:27:11 +0700"
    },
    "done": true
  },
  "minecraft:recipes/building_blocks/cracked_stone_bricks": {
    "criteria": {
      "has_stone_bricks": "2024-07-05 07:27:11 +0700"
    },
    "done": true
  },
  "minecraft:recipes/building_blocks/stone_brick_stairs_from_stone_bricks_stonecutting": {
    "criteria": {
      "has_stone_bricks": "2024-07-05 07:27:11 +0700"
    },
    "done": true
  },
  "minecraft:recipes/building_blocks/chiseled_stone_bricks": {
    "criteria": {
      "has_tag": "2024-07-05 07:27:11 +0700"
    },
    "done": true
  },
  "minecraft:recipes/decorations/stone_brick_wall_from_stone_bricks_stonecutting": {
    "criteria": {
      "has_stone_bricks": "2024-07-05 07:27:11 +0700"
    },
    "done": true
  },
  "minecraft:recipes/building_blocks/stone_brick_slab_from_stone_bricks_stonecutting": {
    "criteria": {
      "has_stone_bricks": "2024-07-05 07:27:11 +0700"
    },
    "done": true
  },
  "ae2:recipes/misc/tools/network_tool": {
    "criteria": {
      "has_quartz_wrench": "2024-07-05 16:46:04 +0700"
    },
    "done": true
  },
  "mekanism:fluid_tank": {
    "criteria": {
      "basic_fluid_tank": "2024-07-07 07:41:50 +0700"
    },
    "done": true
  },
  "create:recipes/misc/crafting/kinetics/super_glue": {
    "criteria": {
      "has_item": "2024-07-08 16:11:58 +0700"
    },
    "done": true
  },
  "create:recipes/misc/crafting/kinetics/propeller": {
    "criteria": {
      "has_item": "2024-07-08 16:11:58 +0700"
    },
    "done": true
  },
  "create:recipes/misc/crafting/kinetics/encased_fan": {
    "criteria": {
      "has_item": "2024-07-08 16:11:58 +0700"
    },
    "done": true
  },
  "create:recipes/misc/crafting/kinetics/whisk": {
    "criteria": {
      "has_item": "2024-07-08 16:11:58 +0700"
    },
    "done": true
  },
  "minecraft:recipes/decorations/brown_banner": {
    "criteria": {
      "has_brown_wool": "2024-07-08 16:13:09 +0700"
    },
    "done": true
  },
  "minecraft:recipes/decorations/brown_bed": {
    "criteria": {
      "has_brown_wool": "2024-07-08 16:13:09 +0700"
    },
    "done": true
  },
  "minecraft:recipes/decorations/brown_carpet": {
    "criteria": {
      "has_brown_wool": "2024-07-08 16:13:09 +0700"
    },
    "done": true
  },
  "ae2:recipes/misc/network/blocks/pattern_providers_interface_part": {
    "criteria": {
      "has_pattern_provider": "2024-07-08 18:02:36 +0700"
    },
    "done": true
  },
  "ae2:recipes/misc/network/parts/terminals_pattern_access": {
    "criteria": {
      "has_pattern_provider": "2024-07-08 18:02:36 +0700"
    },
    "done": true
  },
  "ae2:recipes/misc/network/blocks/interfaces_interface_alt": {
    "criteria": {
      "has_cable_interface": "2024-07-08 18:06:54 +0700"
    },
    "done": true
  },
  "ae2:recipes/misc/network/blocks/pattern_providers_interface_alt": {
    "criteria": {
      "has_cable_pattern_provider": "2024-07-08 18:07:18 +0700"
    },
    "done": true
  },
  "mekanism:quantum_entangloporter": {
    "criteria": {
      "quantum_entangloporter": "2024-07-09 08:16:30 +0700"
    },
    "done": true
  },
  "minecraft:recipes/misc/diamond": {
    "criteria": {
      "has_diamond_block": "2024-07-09 09:45:53 +0700"
    },
    "done": true
  },
  "minecraft:nether/create_beacon": {
    "criteria": {
      "beacon": "2024-07-09 09:50:19 +0700"
    },
    "done": true
  },
  "minecraft:recipes/decorations/spruce_hanging_sign": {
    "criteria": {
      "has_stripped_logs": "2024-07-09 11:38:32 +0700"
    },
    "done": true
  },
  "minecraft:recipes/building_blocks/stripped_spruce_wood": {
    "criteria": {
      "has_log": "2024-07-09 11:38:32 +0700"
    },
    "done": true
  },
  "minecraft:recipes/building_blocks/spruce_planks": {
    "criteria": {
      "has_logs": "2024-07-09 11:38:32 +0700"
    },
    "done": true
  },
  "ae2:recipes/misc/network/cables/dense_smart_fluix_clean": {
    "criteria": {
      "has_smart_dense_cable": "2024-07-09 14:14:28 +0700"
    },
    "done": true
  },
  "ae2:recipes/misc/network/cables/dense_smart_light_gray": {
    "criteria": {
      "has_fluix_smart_dense_cable": "2024-07-09 14:14:28 +0700"
    },
    "done": true
  },
  "ae2:recipes/misc/network/cables/dense_smart_white": {
    "criteria": {
      "has_fluix_smart_dense_cable": "2024-07-09 14:14:28 +0700"
    },
    "done": true
  },
  "ae2:recipes/misc/network/cables/dense_smart_lime": {
    "criteria": {
      "has_fluix_smart_dense_cable": "2024-07-09 14:14:28 +0700"
    },
    "done": true
  },
  "ae2:recipes/misc/network/cables/dense_smart_blue": {
    "criteria": {
      "has_fluix_smart_dense_cable": "2024-07-09 14:14:28 +0700"
    },
    "done": true
  },
  "ae2:recipes/misc/network/blocks/quantum_ring": {
    "criteria": {
      "has_fluix_smart_dense_cable": "2024-07-09 14:14:28 +0700"
    },
    "done": true
  },
  "ae2:recipes/misc/network/cables/dense_smart_brown": {
    "criteria": {
      "has_fluix_smart_dense_cable": "2024-07-09 14:14:28 +0700"
    },
    "done": true
  },
  "ae2:recipes/misc/network/cables/dense_smart_light_blue": {
    "criteria": {
      "has_fluix_smart_dense_cable": "2024-07-09 14:14:28 +0700"
    },
    "done": true
  },
  "ae2:recipes/misc/network/cables/dense_smart_purple": {
    "criteria": {
      "has_fluix_smart_dense_cable": "2024-07-09 14:14:28 +0700"
    },
    "done": true
  },
  "ae2:recipes/misc/network/cables/dense_smart_orange": {
    "criteria": {
      "has_fluix_smart_dense_cable": "2024-07-09 14:14:28 +0700"
    },
    "done": true
  },
  "ae2:recipes/misc/network/cables/dense_smart_gray": {
    "criteria": {
      "has_fluix_smart_dense_cable": "2024-07-09 14:14:28 +0700"
    },
    "done": true
  },
  "ae2:recipes/misc/network/cables/dense_smart_red": {
    "criteria": {
      "has_fluix_smart_dense_cable": "2024-07-09 14:14:28 +0700"
    },
    "done": true
  },
  "ae2:recipes/misc/network/cables/dense_smart_pink": {
    "criteria": {
      "has_fluix_smart_dense_cable": "2024-07-09 14:14:28 +0700"
    },
    "done": true
  },
  "ae2:recipes/misc/network/cables/dense_smart_cyan": {
    "criteria": {
      "has_fluix_smart_dense_cable": "2024-07-09 14:14:28 +0700"
    },
    "done": true
  },
  "ae2:recipes/misc/network/cables/dense_smart_black": {
    "criteria": {
      "has_fluix_smart_dense_cable": "2024-07-09 14:14:28 +0700"
    },
    "done": true
  },
  "ae2:recipes/misc/network/cables/dense_smart_green": {
    "criteria": {
      "has_fluix_smart_dense_cable": "2024-07-09 14:14:28 +0700"
    },
    "done": true
  },
  "ae2:recipes/misc/network/cables/dense_smart_magenta": {
    "criteria": {
      "has_fluix_smart_dense_cable": "2024-07-09 14:14:28 +0700"
    },
    "done": true
  },
  "architects_palette:main/root": {
    "criteria": {
      "craftingtable": "2024-07-23 19:28:04 +0700"
    },
    "done": true
  },
  "expatternprovider:recipes/misc/ingredient_buffer": {
    "criteria": {
      "has_item": "2024-07-23 19:30:38 +0700"
    },
    "done": true
  },
  "expatternprovider:recipes/misc/caner": {
    "criteria": {
      "has_item": "2024-07-23 19:30:38 +0700"
    },
    "done": true
  },
  "expatternprovider:recipes/misc/precise_storage_bus": {
    "criteria": {
      "has_item": "2024-07-23 20:14:04 +0700"
    },
    "done": true
  },
  "expatternprovider:recipes/misc/ei_part": {
    "criteria": {
      "has_item": "2024-07-23 20:14:49 +0700"
    },
    "done": true
  },
  "expatternprovider:recipes/misc/epp_part": {
    "criteria": {
      "has_item": "2024-07-23 20:17:55 +0700"
    },
    "done": true
  },
  "DataVersion": 3465
}