{"stats":{"minecraft:dropped":{"ae2:item_p2p_tunnel":1,"minecraft:piston":1,"gtceu:hot_titanium_ingot":241,"mekanism:upgrade_gas":65,"minecraft:oak_log":54,"mekanism:block_raw_uranium":6288,"gtceu:saltpeter_dust":1,"mekanism:basic_injecting_factory":1,"storagedrawers:creative_storage_upgrade":1,"ae2:quartz_fiber":1,"mekanism:creative_fluid_tank":4,"mekanism:pellet_polonium":594,"gtceu:nand_memory_chip":1,"ae2:drive":1,"minecraft:dirt":76,"gtceu:nichrome_coil_block":1,"ae2:cable_interface":1,"gtceu:heatproof_machine_casing":1,"gtceu:lv_hsse_wrench":1,"mekanism:upgrade_speed":81,"gtceu:ev_distillery":1,"gtceu:reaction_safe_mixing_casing":1,"mekanismtools:refined_obsidian_sword":1,"mekanism:yellow_cake_uranium":67,"buildinggadgets2:gadget_building":1,"gtceu:indium_dust":2,"mekanismgenerators:gas_burning_generator":1,"gtceu:luv_parallel_hatch":1,"mekanism:ingot_uranium":75,"mekanism:creative_bin":2,"mekanism:sps_casing":1,"gtceu:electrum_small_item_pipe":2,"mekanism:creative_energy_cube":3,"mekanism:alloy_infused":1,"mekanism:ultimate_mechanical_pipe":1,"gtceu:mv_output_hatch":1,"gtceu:uranium_ingot":1,"minecraft:charcoal":8513,"gtceu:vibration_safe_casing":1,"minecraft:basalt":1,"mekanismgenerators:reactor_glass":1,"gtceu:mv_input_hatch":2,"minecraft:splash_potion":1,"mekanism:fluorite_gem":64,"buildinggadgets2:gadget_copy_paste":1,"mekanism:creative_chemical_tank":1,"gtceu:lv_tungsten_steel_wrench":1,"minecraft:lead":5,"mekanism:basic_chemical_tank":2,"minecraft:grass_block":2,"gtceu:uv_energy_input_hatch":1,"storagedrawers:oak_full_drawers_1":3,"minecraft:sponge":1,"minecraft:torch":1,"storagedrawers:oak_full_drawers_2":1,"minecraft:repeater":1,"gtceu:hv_input_hatch":1,"mekanism:dust_uranium":150,"ae2:fluix_glass_cable":2,"mekanism:network_reader":1,"mekanismgenerators:laser_focus_matrix":1,"gtceu:ev_fluid_heater":1,"gtceu:uraninite_dust":1,"mekanism:block_fluorite":6141,"mekanism:pellet_antimatter":54,"ae2:item_storage_cell_4k":2,"gtceu:me_input_bus":1,"expatternprovider:ex_interface_part":1,"mekanism:solar_neutron_activator":1,"mekanism:gauge_dropper":3,"mekanism:pellet_plutonium":108,"mekanism:elite_induction_provider":1,"mekanism:dust_sulfur":5590,"mekanism:basic_smelting_factory":1,"minecraft:oak_button":1,"gtceu:portable_debug_scanner":1,"mekanism:basic_pressurized_tube":2,"gtceu:lv_input_hatch":1,"minecraft:barrel":1,"mekanism:hdpe_sheet":64,"mekanism:ultimate_energy_cube":2,"gtceu:carbon_dust":2,"gtceu:hv_energy_input_hatch":1,"mekanism:ultimate_universal_cable":2},"minecraft:killed":{"minecraft:pig":10,"minecraft:sheep":4,"minecraft:trader_llama":53,"minecraft:bat":38,"minecraft:wandering_trader":26},"minecraft:custom":{"minecraft:interact_with_crafting_table":44,"minecraft:open_barrel":2428,"minecraft:leave_game":150,"minecraft:time_since_death":3886027,"minecraft:sprint_one_cm":359463,"minecraft:drop":601,"minecraft:play_time":24857188,"minecraft:deaths":3,"minecraft:jump":18160,"minecraft:walk_on_water_one_cm":4766,"minecraft:damage_dealt":21955,"minecraft:interact_with_beacon":1,"minecraft:crouch_one_cm":306379,"minecraft:mob_kills":131,"minecraft:climb_one_cm":11820,"minecraft:walk_one_cm":2489178,"minecraft:sneak_time":536275,"minecraft:walk_under_water_one_cm":677,"minecraft:total_world_time":25625815,"minecraft:items_extracted":67,"minecraft:tune_noteblock":81,"minecraft:time_since_rest":3886085,"minecraft:damage_taken":1180,"minecraft:fly_one_cm":26168273,"minecraft:open_chest":91,"minecraft:fall_one_cm":10037},"minecraft:crafted":{"mekanism:sps_port":12,"gtceu:universal_fluid_cell":2,"mekanism:fluorite_gem":171,"mekanism:block_fluorite":64,"mekanism:sps_casing":288,"mekanism:supercharged_coil":4},"minecraft:used":{"gtceu:lv_macerator":1,"gtceu:manganese_phosphide_double_wire":114,"gtceu:ulv_energy_input_hatch":22,"gtceu:white_dye_spray_can":117,"gtceu:mv_input_hatch":7,"gtceu:facade_cover":13,"gtceu:hssg_double_cable":136,"gtceu:ev_machine_casing":37,"mekanism:pressure_disperser":30,"gtceu:magnesium_diboride_quadruple_wire":148,"gtceu:hv_output_hatch":9,"mekanism:upgrade_gas":161,"minecraft:bone_block":3,"minecraft:oak_sign":21,"mekanism:basic_fluid_tank":3,"gtceu:data_bank":3,"minecraft:chest":7,"ae2:terminal":4,"minecraft:stone":1,"gtceu:iv_energy_input_hatch":12,"gtceu:ev_electrolyzer":2,"gtceu:large_chemical_reactor":66,"gtceu:lv_canner":12,"gtceu:hv_item_passthrough_hatch":1,"create:analog_lever":3,"mekanism:ultimate_thermodynamic_conductor":1,"gtceu:electrum_small_item_pipe":765,"gtceu:lv_bender":3,"mekanismgenerators:rotational_complex":2,"minecraft:soul_sand":1,"mekanism:ultimate_pressurized_tube":155,"gtceu:hv_transformer_1a":1,"mekanism:elite_pressurized_tube":31,"gtceu:lv_conveyor_module":5,"gtceu:lv_fluid_solidifier":2,"gtceu:active_transformer":1,"gtceu:creative_data_access_hatch":8,"mekanism:configuration_card":173,"gtceu:hv_chemical_reactor":6,"gtceu:assembly_line_casing":17,"mekanism:elite_smelting_factory":2,"gtceu:data_transmitter_hatch":21,"gtceu:filter_casing":2,"gtceu:light_gray_dye_spray_can":53,"expatternprovider:ex_interface_part":1,"gtceu:clean_machine_casing":246,"gtceu:steel_pipe_casing":50,"mekanismgenerators:turbine_rotor":27,"mekanism:basic_energy_cube":14,"gtceu:large_centrifuge":8,"mekanism:advanced_mechanical_pipe":67,"minecraft:packed_ice":1,"gtceu:normal_laser_pipe":6,"minecraft:glass":269,"gtceu:computer_casing":20,"gtceu:vacuum_freezer":17,"mekanism:alloy_reinforced":11,"gtceu:large_electrolyzer":22,"ae2:red_glass_cable":21,"minecraft:grass_block":539,"mekanism:basic_injecting_factory":27,"mekanismgenerators:electromagnetic_coil":19,"mekanism:basic_crushing_factory":14,"gtceu:luv_output_hatch":4,"gtceu:infinite_water_cover":26,"gtceu:black_dye_spray_can":2,"gtceu:ulv_input_hatch":19,"gtceu:luv_output_bus":15,"gtceu:ev_transformer_4a":3,"gtceu:lv_fluid_passthrough_hatch":1,"gtceu:zpm_energy_input_hatch":2,"mekanism:boiler_valve":30,"gtceu:lv_item_passthrough_hatch":1,"minecraft:stone_bricks":8,"ae2:item_p2p_tunnel":1,"minecraft:bedrock":1,"gtceu:data_access_hatch":11,"minecraft:redstone_lamp":5,"minecraft:repeater":49,"gtceu:hssg_coil_block":36,"gtceu:assembly_line_unit":37,"gtceu:ptfe_pipe_casing":47,"gtceu:iv_electromagnetic_separator":1,"minecraft:hay_block":1,"minecraft:scaffolding":31,"gtceu:uv_muffler_hatch":27,"gtceu:luv_parallel_hatch":4,"minecraft:gold_block":2,"mekanism:advanced_pressurized_tube":65,"gtceu:naquadah_coil_block":34,"gtceu:light_blue_dye_spray_can":38,"ae2:storage_monitor":5,"ae2:fluix_smart_dense_cable":13,"mekanismgenerators:gas_burning_generator":14,"gtceu:steam_output_bus":1,"gtceu:rtm_alloy_coil_block":32,"gtceu:lv_super_chest":26,"gtceu:hastelloy_x_frame":53,"gtceu:creative_energy":99,"gtceu:solid_machine_casing":188,"mekanism:network_reader":1037,"mekanism:ultimate_mechanical_pipe":399,"gtceu:electrolytic_cell":207,"gtceu:luv_1a_energy_converter":2,"gtceu:hv_1a_energy_converter":1,"gtceu:platinum_octal_cable":115,"gtceu:data_receiver_hatch":7,"minecraft:dropper":1,"gtceu:distillation_tower":9,"ae2:cable_interface":3,"gtceu:inert_machine_casing":1211,"gtceu:large_sifting_funnel":5,"gtceu:item_filter":63,"minecraft:oak_planks":1,"mekanism:chemical_washer":13,"mekanism:induction_port":26,"gtceu:lv_fluid_heater":3,"minecraft:clay":1,"gtceu:high_power_casing":10,"gtceu:fluid_voiding_cover":3,"mekanismgenerators:fusion_reactor_frame":78,"gtceu:lv_tungsten_steel_wrench":9,"ae2:storage_bus":89,"gtceu:steel_machine_casing":4,"mekanismgenerators:fusion_reactor_controller":4,"gtceu:ev_input_hatch_4x":10,"gtceu:large_extractor":3,"gtceu:luv_battery_buffer_4x":4,"ae2:creative_energy_cell":6,"minecraft:white_wool":89,"mekanism:chemical_dissolution_chamber":24,"gtceu:titanium_pipe_casing":68,"gtceu:aluminium_tiny_fluid_pipe":11,"gtceu:ulv_transformer_1a":1,"minecraft:sand":1,"gtceu:heatproof_machine_casing":297,"gtceu:lv_compressor":15,"mekanism:upgrade_muffling":745,"mekanismgenerators:turbine_vent":6,"gtceu:lv_output_bus":128,"mekanismgenerators:reactor_glass":111,"gtceu:iv_transformer_1a":4,"minecraft:sponge":6,"minecraft:cave_spider_spawn_egg":9,"minecraft:note_block":10,"gtceu:copper_octal_cable":23,"gtceu:ev_output_bus":16,"ae2:pattern_provider":2,"ae2:controller":7,"minecraft:sticky_piston":5,"ae2:quartz_fiber":4,"minecraft:shears":57,"mekanism:ultimate_induction_provider":14,"gtceu:mercury_barium_calcium_cuprate_quadruple_wire":227,"gtceu:lv_energy_input_hatch":38,"gtceu:hpca_active_cooler_component":3,"gtceu:normal_optical_pipe":29,"mekanism:superheating_element":10,"minecraft:redstone_torch":31,"ae2:drive":1,"minecraft:lever":66,"gtceu:luv_input_hatch":1,"ae2:cable_anchor":1,"gtceu:magenta_dye_spray_can":12,"gtceu:mercury_barium_calcium_cuprate_single_wire":17,"minecraft:daylight_detector":7,"gtceu:iv_parallel_hatch":5,"gtceu:mv_transformer_2a":6,"gtceu:secure_maceration_casing":90,"gtceu:aluminium_drum":1,"gtceu:neutronium_quadruple_fluid_pipe":3,"mekanism:logistical_sorter":30,"gtceu:bronze_drum":3,"gtceu:pink_dye_spray_can":84,"mekanism:upgrade_speed":737,"gtceu:mercury_barium_calcium_cuprate_double_wire":4,"mekanism:thermal_evaporation_controller":12,"gtceu:hv_transformer_4a":4,"gtceu:iv_input_bus":2,"gtceu:steam_input_hatch":1,"mekanism:basic_pressurized_tube":346,"ae2:energy_acceptor":2,"gtceu:mv_transformer_1a":5,"gtceu:iv_centrifuge":4,"mekanism:rotary_condensentrator":22,"gtceu:iv_input_hatch":2,"storagedrawers:quantify_key":12,"mekanismgenerators:advanced_solar_generator":10,"gtceu:stainless_steel_gearbox":12,"expatternprovider:ex_pattern_provider_part":1,"mekanism:ultimate_logistical_transporter":319,"gtceu:ultimet_huge_item_pipe":9,"gtceu:ulv_input_bus":47,"gtceu:lv_electrolyzer":5,"gtceu:gray_dye_spray_can":65,"mekanismgenerators:fusion_reactor_logic_adapter":6,"mekanism:ultimate_energy_cube":111,"mekanism:advanced_induction_cell":55,"mekanism:supercharged_coil":7,"gtceu:cupronickel_coil_block":48,"gtceu:ev_distillery":3,"gtceu:computation_transmitter_hatch":2,"gtceu:luv_electrolyzer":1,"mekanism:basic_smelting_factory":11,"mekanismgenerators:fission_fuel_assembly":198,"gtceu:red_alloy_double_cable":21,"mekanism:creative_chemical_tank":106,"ae2:white_glass_cable":30,"storagedrawers:oak_full_drawers_1":15,"gtceu:portable_debug_scanner":2302,"gtceu:mv_energy_input_hatch":37,"gtceu:me_input_bus":1,"storagedrawers:oak_full_drawers_2":9,"gtceu:ev_input_bus":1,"gtceu:uv_conveyor_module":4,"gtceu:mv_output_bus":2,"gtceu:uv_energy_input_hatch":3,"gtceu:mv_super_tank":7,"mekanism:configurator":1228,"minecraft:redstone":189,"gtceu:me_input_hatch":13,"ae2:export_bus":29,"gtceu:industrial_tnt":3,"gtceu:green_dye_spray_can":72,"gtceu:luv_machine_casing":28,"minecraft:torch":249,"mekanismgenerators:laser_focus_matrix":5,"gtceu:hv_input_hatch":26,"gtceu:orange_dye_spray_can":252,"gtceu:steam_input_bus":1,"minecraft:dirt":232,"gtceu:creative_tank":30,"mekanismgenerators:control_rod_assembly":89,"ae2:green_glass_cable":9,"gtceu:ev_output_hatch":4,"gtceu:kanthal_coil_block":189,"gtceu:luv_input_bus":1,"minecraft:stone_stairs":4,"gtceu:tungsten_steel_normal_fluid_pipe":1632,"mekanismgenerators:fission_reactor_casing":47,"gtceu:me_output_hatch":4,"mekanismgenerators:fission_reactor_port":59,"mekanism:alloy_infused":6,"gtceu:platinum_single_cable":4,"gtceu:red_dye_spray_can":13,"ae2:interface":3,"gtceu:blue_dye_spray_can":151,"mekanism:ultimate_fluid_tank":27,"gtceu:hv_mixer":8,"gtceu:frostproof_machine_casing":202,"gtceu:large_mixer":9,"mekanism:sps_port":24,"gtceu:reaction_safe_mixing_casing":409,"mekanism:elite_induction_cell":30,"gtceu:zpm_parallel_hatch":1,"mekanism:chemical_oxidizer":25,"gtceu:tungsten_steel_quadruple_fluid_pipe":105,"gtceu:nonconducting_casing":817,"minecraft:iron_block":13,"storagedrawers:controller":3,"gtceu:manganese_phosphide_quadruple_wire":1,"gtceu:hp_steam_furnace":1,"gtceu:ev_transformer_1a":15,"gtceu:hv_energy_input_hatch":75,"gtceu:nichrome_coil_block":33,"gtceu:mv_machine_hull":1,"gtceu:configurable_maintenance_hatch":1,"gtceu:ev_centrifuge":6,"gtceu:uranium_triplatinum_double_wire":38,"minecraft:barrel":137,"minecraft:emerald_block":2,"mekanism:upgrade_energy":909,"gtceu:tin_small_item_pipe":6,"mekanism:quantum_entangloporter":3,"minecraft:basalt":5,"mekanism:alloy_atomic":6,"gtceu:lv_titanium_wrench":6,"mekanism:creative_bin":19,"expatternprovider:ingredient_buffer":1,"gtceu:assembly_line_grating":134,"gtceu:lv_output_hatch":204,"minecraft:glowstone":3,"gtceu:uranium_triplatinum_quadruple_wire":202,"gtceu:lv_transformer_1a":15,"gtceu:bronze_crate":4,"gtceu:aluminium_quadruple_fluid_pipe":5,"gtceu:ev_input_hatch":5,"gtceu:auto_maintenance_hatch":136,"gtceu:luv_energy_input_hatch":23,"gtceu:fluid_filter":22,"gtceu:uhv_energy_input_hatch":2,"mekanism:electrolytic_separator":17,"gtceu:lv_extractor":1,"gtceu:hv_electrolyzer":1,"mekanism:pressurized_reaction_chamber":21,"minecraft:pumpkin":2,"mekanism:basic_bin":47,"gtceu:vibration_safe_casing":724,"gtceu:ev_energy_input_hatch":75,"gtceu:maintenance_hatch":2,"ae2:light_blue_glass_cable":21,"gtceu:stainless_steel_huge_fluid_pipe":76,"mekanism:elite_induction_provider":19,"minecraft:water_bucket":41,"gtceu:iv_electrolyzer":3,"mekanism:electric_pump":50,"mekanism:formulaic_assemblicator":3,"mekanism:isotopic_centrifuge":13,"gtceu:iv_transformer_2a":2,"mekanism:ultimate_universal_cable":520,"gtceu:luv_8a_energy_converter":4,"gtceu:crushing_wheels":18,"gtceu:hv_8a_energy_converter":9,"gtceu:lv_scanner":2,"gtceu:titanium_drum":8,"gtceu:manganese_phosphide_single_wire":54,"gtceu:lv_chemical_reactor":6,"minecraft:beacon":2,"mekanism:chemical_infuser":18,"gtceu:blue_alloy_double_cable":2,"minecraft:jungle_wood":1,"minecraft:diamond_block":10,"gtceu:ulv_transformer_2a":2,"gtceu:solvent_spray_can":7,"minecraft:comparator":4,"gtceu:lv_transformer_2a":1,"gtceu:electric_blast_furnace":18,"gtceu:cyan_dye_spray_can":39,"minecraft:tnt":58,"minecraft:crafting_table":4,"mekanism:basic_enriching_factory":24,"mekanism:creative_fluid_tank":84,"ae2:sky_stone_tank":3,"gtceu:mv_input_bus":5,"gtceu:iv_output_hatch":4,"mekanismtools:refined_obsidian_sword":358,"mekanism:basic_purifying_factory":13,"mekanismgenerators:turbine_casing":12,"mekanism:thermal_evaporation_valve":30,"mekanism:advanced_induction_provider":25,"gtceu:luv_electric_pump":1,"mekanism:induction_casing":261,"mekanism:creative_energy_cube":76,"mekanism:basic_induction_cell":41,"mekanismgenerators:turbine_valve":19,"gtceu:lv_packer":7,"mekanism:advanced_bin":39,"minecraft:bat_spawn_egg":12,"minecraft:oak_log":1,"gtceu:mv_output_hatch":4,"gtceu:mv_distillery":2,"mekanism:basic_chemical_tank":24,"minecraft:piston":6,"gtceu:iv_mixer":1,"gtceu:ev_transformer_2a":3,"gtceu:watertight_casing":197,"mekanism:sps_casing":476,"gtceu:lv_diamond_wrench":4,"mekanism:boiler_casing":11,"mekanism:ultimate_chemical_tank":4,"ae2:cable_pattern_provider":2,"minecraft:oak_button":32,"mekanism:structural_glass":898,"gtceu:advanced_data_access_hatch":13,"gtceu:hv_transformer_2a":5,"gtceu:ev_output_hatch_4x":21,"gtceu:red_alloy_quadruple_cable":42,"gtceu:blue_alloy_quadruple_cable":28,"mekanism:chemical_crystallizer":20,"ae2:fluix_glass_cable":165,"gtceu:lv_input_hatch":241,"gtceu:large_solidifier":2,"gtceu:large_maceration_tower":2,"gtceu:mv_battery_buffer_4x":1,"gtceu:tungsten_steel_crate":13,"gtceu:lv_input_bus":133,"gtceu:yellow_dye_spray_can":109,"mekanismgenerators:fusion_reactor_port":13,"gtceu:lv_super_tank":74,"mekanism:solar_neutron_activator":66,"storagedrawers:oak_full_drawers_4":1,"gtceu:assembly_line":19,"gtceu:laminated_glass":78,"gtceu:cracker":2,"gtceu:platinum_double_cable":4,"minecraft:bucket":2,"mekanismgenerators:saturating_condenser":4,"gtceu:luv_kinetic_output_box":4,"mekanism:thermal_evaporation_block":226,"gtceu:computer_heat_vent":37,"storagedrawers:drawer_key":12,"gtceu:trinium_coil_block":17,"gtceu:creative_chest":3,"minecraft:splash_potion":337,"gtceu:hv_centrifuge":2,"mekanism:resistive_heater":19},"minecraft:mined":{"minecraft:torch":1,"gtceu:lv_super_chest":4,"storagedrawers:oak_full_drawers_1":3,"storagedrawers:oak_full_drawers_2":3,"minecraft:white_wool":60,"minecraft:scaffolding":1},"minecraft:picked_up":{"mekanism:ultimate_energy_cube":1,"mekanism:advanced_pressurized_tube":1,"gtceu:computation_transmitter_hatch":1,"mekanism:sps_casing":68,"minecraft:lead":49,"mekanism:dust_sulfur":2902,"mekanism:gauge_dropper":3,"storagedrawers:creative_storage_upgrade":1,"gtceu:red_dye_spray_can":1,"gtceu:carbon_monoxide_bucket":1,"gtceu:hv_energy_input_hatch":2,"gtceu:luv_input_hatch":1,"gtceu:light_gray_dye_spray_can":1,"mekanism:upgrade_speed":12,"minecraft:redstone_torch":6,"mekanismgenerators:fission_reactor_casing":1,"gtceu:lv_tungsten_steel_wrench":1,"gtceu:uv_muffler_hatch":1,"mekanism:ultimate_mechanical_pipe":1,"mekanismgenerators:fusion_reactor_controller":1,"buildinggadgets2:gadget_building":1,"gtceu:naquadria_ingot":4,"gtceu:titanium_tetrachloride_bucket":1,"mekanism:hdpe_sheet":64,"gtceu:invar_wire_cutter":1,"gtceu:lv_super_chest":6,"minecraft:torch":9,"gtceu:polybenzimidazole_mallet":1,"gtceu:titanium_ingot":4,"minecraft:porkchop":4,"gtceu:lv_electrolyzer":1,"gtceu:hv_input_hatch":1,"ae2:drive":1,"gtceu:electrum_small_item_pipe":3,"mekanism:ultimate_universal_cable":1,"gtceu:orange_dye_spray_can":1,"gtceu:manganese_phosphide_double_wire":1,"gtceu:luv_parallel_hatch":1,"gtceu:item_filter":10,"gtceu:nand_memory_chip":1,"gtceu:blue_alloy_quadruple_cable":1,"mekanism:supercharged_coil":1,"minecraft:dirt":181,"mekanismtools:refined_obsidian_sword":3,"mekanism:pellet_antimatter":332,"gtceu:electrolytic_cell":4,"mekanismgenerators:fusion_reactor_port":6,"gtceu:blue_dye_spray_can":1,"ae2:fluix_glass_cable":6,"gtceu:fluid_filter":1,"mekanism:chemical_oxidizer":3,"gtceu:magnesium_dust":62,"ae2:cable_interface":1,"ae2:storage_bus":1,"gtceu:gray_dye_spray_can":1,"mekanism:chemical_infuser":1,"gtceu:pink_dye_spray_can":1,"gtceu:kanthal_coil_block":3,"mekanism:rotary_condensentrator":3,"mekanism:ultimate_fluid_tank":4,"gtceu:mv_input_hatch":2,"gtceu:rutile_dust":558,"minecraft:grass_block":1,"mekanism:network_reader":1,"gtceu:tungsten_steel_normal_fluid_pipe":5,"minecraft:barrel":1,"gtceu:ulv_output_bus":1,"gtceu:white_dye_spray_can":1,"mekanism:induction_casing":4,"mekanism:pellet_plutonium":18,"minecraft:lever":7,"mekanism:advanced_mechanical_pipe":1,"ae2:item_storage_cell_4k":3,"gtceu:ulv_input_bus":1,"minecraft:charcoal":4541,"gtceu:portable_debug_scanner":1,"mekanismgenerators:laser_focus_matrix":1,"mekanism:solar_neutron_activator":1,"mekanism:alloy_infused":1,"mekanism:creative_chemical_tank":1,"gtceu:vibration_safe_casing":3,"mekanism:elite_induction_provider":1,"gtceu:aluminium_quadruple_fluid_pipe":1,"mekanism:pressurized_reaction_chamber":2,"gtceu:lv_output_bus":2,"mekanism:ingot_uranium":75,"gtceu:ev_fluid_heater":1,"gtceu:hssg_double_cable":1,"mekanism:basic_injecting_factory":1,"gtceu:nichrome_coil_block":1,"mekanism:basic_bin":1,"mekanism:structural_glass":168,"minecraft:piston":1,"mekanism:basic_pressurized_tube":2,"mekanism:creative_energy_cube":4,"mekanism:block_raw_uranium":5627,"minecraft:copper_ingot":64,"gtceu:nonconducting_casing":1,"minecraft:redstone":10,"mekanism:thermal_evaporation_block":15,"ae2:speed_card":57,"gtceu:mv_output_hatch":2,"mekanism:block_fluorite":6288,"gtceu:hot_titanium_ingot":1937,"gtceu:auto_maintenance_hatch":3,"mekanism:dust_uranium":150,"ae2:item_p2p_tunnel":1,"mekanism:ultimate_logistical_transporter":3,"ae2:quartz_fiber":1,"gtceu:inert_machine_casing":7,"gtceu:lv_diamond_wrench":1,"mekanism:upgrade_gas":64,"gtceu:mv_transformer_1a":1,"minecraft:white_wool":60,"gtceu:iv_electrolyzer":1,"gtceu:enriched_naquadah_ingot":87,"gtceu:lv_transformer_1a":1,"minecraft:glow_ink_sac":5,"gtceu:lv_hsse_wrench":1,"minecraft:leather":41,"mekanismgenerators:gas_burning_generator":5,"gtceu:hv_8a_energy_converter":1,"mekanism:isotopic_centrifuge":2,"gtceu:saltpeter_dust":1,"mekanismgenerators:fission_fuel_assembly":4,"gtceu:heatproof_machine_casing":4,"mekanismgenerators:fusion_reactor_frame":37,"gtceu:uranium_triplatinum_quadruple_wire":2,"gtceu:large_electrolyzer":1,"mekanism:creative_fluid_tank":5,"storagedrawers:oak_full_drawers_1":4,"mekanism:yellow_cake_uranium":67,"gtceu:cyan_dye_spray_can":1,"minecraft:scaffolding":14,"gtceu:lv_input_bus":2,"gtceu:mv_output_bus":1,"mekanism:ultimate_pressurized_tube":2,"gtceu:carbon_dust":190,"gtceu:ev_output_hatch_4x":1,"mekanism:dust_fluorite":2149,"mekanism:induction_port":3,"gtceu:naquadah_dust":172,"gtceu:creative_energy":1,"gtceu:lv_energy_input_hatch":2,"buildinggadgets2:gadget_copy_paste":1,"ae2:export_bus":2,"gtceu:reaction_safe_mixing_casing":1,"mekanism:sps_port":6,"gtceu:universal_fluid_cell":67,"gtceu:yellow_dye_spray_can":1,"expatternprovider:ex_interface_part":1,"gtceu:lv_super_tank":1,"mekanism:fluorite_gem":64,"storagedrawers:oak_full_drawers_2":4,"gtceu:lv_input_hatch":2,"mekanism:pellet_polonium":512,"minecraft:oak_button":3,"gtceu:lv_output_hatch":1,"mekanismgenerators:reactor_glass":22,"gtceu:green_dye_spray_can":1,"mekanism:creative_bin":2,"gtceu:refined_palladium_ore":2,"gtceu:large_chemical_reactor":1}},"DataVersion":3465}